player_name,fname,lname,team_abb,position,salary,year,expires,opt,NTC,salary_counted
A.J. Cole,A.J.,Cole,HOU,p,1.000,2nd,0,,,Y
A.J. Minter,A.J.,Minter,NYA,p,0.750,2nd,0,,,Y
A.J. Pollock,A.J.,Pollock,CLE,of,10.443,CE,2020,,,Y
A.J. Puk,Puk,A.J.,DET,p,0.500,XXX,0,,,N
A.J. Reed,A.J.,Reed,NYA,if,1.050,2nd,0,,,N
Aaron Altherr,Altherr,Aaron,PHI,of,0.925,2nd,0,,,Y
Aaron Barrett,Barrett,Aaron,ATL,p,4.500,V,2019,,,Y
Aaron Blair,Blair,Aaron,CIN,p,0.650,2nd,0,,,N
Aaron Bummer,Bummer,Aaron,LAN,p,2.645,V,2020,,Y,Y
Aaron Hicks,Hicks,Aaron,MIA,of,1.661,4th,0,,,Y
Aaron Judge,Judge,Aaron,BAL,of,0.750,2nd,0,,,Y
Aaron Loup,Loup,Aaron,MIL,p,3.002,V,2020,Y,Y,Y
Aaron Nola,Nola,Aaron,SD,p,3.725,4th,0,,,Y
Aaron Sanchez,Sanchez,Aaron,NYA,p,2.405,5th,0,,,Y
Abiatal Avelino,Avelino,Abiatal,NYA,if,0.500,XXX,0,,,N
Adalberto Mejia,Mejia,Adalberto,DET,p,0.500,XXX,0,,,Y
Adalberto Mondesi,Mondesi,Adalberto,NYM,if,0.500,XXX,0,,,N
Adam Conley,Conley,Adam,ARI,p,1.529,4th,0,,,N
Adam Duvall,Duvall,Adam,SF,of,6.480,V,2020,,,Y
Adam Eaton,Eaton,Adam,TEX,of,10.594,CE,2019,,,Y
Adam Frazier,Frazier,Adam,CHA,if,0.650,2nd,0,,,Y
Adam Haseley,Haseley,Adam,HOU,of,0.500,XXX,0,,,N
Adam Jones,Jones,Adam,LAA,of,25.500,V,2019,,,Y
Adam Kloffenstein,Kloffenstein,Adam,CLE,p,0.500,XXX,0,,,N
Adam Kolarek,Kolarek,Adam,TOR,p,1.995,V,2020,,Y,Y
Adam Liberatore,Liberatore,Adam,SD,p,3.602,V,2019,Y,,Y
Adam Lind,Lind,Adam,LAN,if,5.500,V,2019,Y,,Y
Adam Ottavino,Ottavino,Adam,CIN,p,5.000,V,2020,,Y,Y
Adam Plutko,Plutko,Adam,PHI,p,0.500,XXX,0,,,N
Adam Wainwright,Wainwright,Adam,NYM,p,27.000,V,2019,,,Y
Adam Warren,Warren,Adam,TEX,p,3.700,V,2019,,,Y
Adbert Alzolay,Alzolay,Adbert,STL,p,0.500,XXX,0,,,N
Addison Reed,Reed,Addison,NYM,p,5.891,CE,2019,,,Y
Addison Russell,Russell,Addison,TEX,if,1.887,4th,0,,,Y
Adeiny Hechavarria,Hechavarria,Adeiny,SF,if,2.245,4th,0,,,Y
Adonis Medina,Medina,Adonis,TOR,p,0.500,XXX,0,,,N
Adonys Cardona,Cardona,Adonys,STL,p,0.500,XXX,0,,,N
Adrian Beltre,Beltre,Adrian,SEA,if,19.800,V,2019,,,Y
Adrian Morejon,Morejon,Adrian,ARI,p,0.500,XXX,0,,,N
Akil Baddoo,Baddoo,Akil,MIN,of,0.500,XXX,0,,,N
Albert Abreu,Abreu,Albert,MIL,p,0.500,XXX,0,,,N
Albert Almora,Almora,Albert,HOU,of,0.500,XXX,0,,,Y
Albert Pujols,Pujols,Albert,HOU,if,1.500,V,2019,,,Y
Alberto Tirado,Tirado,Alberto,CLE,p,0.500,XXX,0,,,N
Alcides Escobar,Escobar,Alcides,NYA,if,1.000,MLI,2019,,,N
Alec Asher,Asher,Alec,WAS,p,0.650,2nd,0,,,N
Alec Bohm,Bohm,Alec,STL,if,0.500,XXX,0,,,N
Alec Hansen,Hansen,Alec,TAM,p,0.500,XXX,0,,,N
Alec Mills,Mills,Alec,HOU,p,3.800,V,2020,Y,,Y
Aledmys Diaz,Diaz,Aledmys,CHA,if,0.750,2nd,0,,,Y
Alen Hanson,Hanson,Alen,CHC,if,1.529,4th,0,,,Y
Alex Avila,Avila,Alex,CHA,c,3.950,V,2020,,,Y
Alex Blandino,Blandino,Alex,MIA,if,0.500,XXX,0,,,N
Alex Bregman,Bregman,Alex,CHC,if,1.943,3rd,0,,,N
Alex Claudio,Claudio,Alex,NYM,p,0.650,2nd,0,,,N
Alex Cobb,Cobb,Alex,LAN,p,15.000,V,2021,,,Y
Alex Colome,Colome,Alex,DET,p,1.365,3rd,0,,,Y
Alex Dickerson,Dickerson,Alex,HOU,of,2.755,V,2020,Y,,Y
Alex Faedo,Faedo,Alex,OAK,p,0.500,XXX,0,,,N
Alex Gordon,Gordon,Alex,KC,of,9.100,V,2019,Y,,Y
Alex Jackson,Jackson,Alex,LAA,of,0.500,XXX,0,,,N
Alex Kirilloff,Kirilloff,Alex,OAK,of,0.500,XXX,0,,,N
Alex Lange,Lange,Alex,CHC,p,0.500,XXX,0,,,N
Alex Liddi,Liddi,Alex,LAA,if,0.650,2nd,0,,,N
Alex Reyes,Reyes,Alex,COL,p,0.650,2nd,0,,,N
Alex Speas,Speas,Alex,OAK,p,0.500,XXX,0,,,N
Alex Torres,Torres,Alex,DET,p,0.845,3rd,0,,,N
Alex Verdugo,Verdugo,Alex,TEX,of,0.500,XXX,0,,,N
Alex Wood,Wood,Alex,COL,p,11.614,CE,2020,,,Y
Alexander Canario,Canario,Alexander,CHA,of,0.500,XXX,0,,Y,N
Amed Rosario,Rosario,Amed,OAK,if,0.500,XXX,0,,,N
Amir Garrett,Garrett,Amir,TEX,p,0.500,XXX,0,,,Y
Anderson Espinoza,Espinoza,Anderson,SF,p,0.500,XXX,0,,,N
Anderson Franco,Franco,Anderson,KC,if,0.500,XXX,0,,,N
Anderson Tejeda,Tejeda,Anderson,MIN,if,0.500,XXX,0,,,N
Andrelton Simmons,Simmons,Andrelton,SD,if,9.383,CE,2019,,,Y
Andres Gimenez,Gimenez,Andres,CHA,if,0.500,XXX,0,,,N
Andrew Benintendi,Benintendi,Andrew,COL,of,1.050,2nd,0,,,Y
Andrew Cashner,Cashner,Andrew,KC,p,13.750,V,2019,,,Y
Andrew Chafin,Chafin,Andrew,PIT,p,2.036,4th,0,,,Y
Andrew Heaney,Heaney,Andrew,MIL,p,1.365,3rd,0,,,N
Andrew Kittredge,Kittredge,Andrew,LAN,p,2.650,V,2020,,,Y
Andrew Knapp,Knapp,Andrew,OAK,c,0.500,XXX,0,,,N
Andrew Knizner,Knizner,Andrew,SEA,c,0.500,XXX,0,,,N
Andrew McCutchen,McCutchen,Andrew,COL,of,18.766,V,2020,Y,,Y
Andrew Miller,Miller,Andrew,ATL,p,17.500,V,2021,Y,,Y
Andrew Moore,Moore,Andrew,OAK,p,0.500,XXX,0,,,N
Andrew Stevenson,Stevenson,Andrew,MIL,of,0.500,XXX,0,,,N
Andrew Susac,Susac,Andrew,HOU,c,1.529,4th,0,,,Y
Andrew Toles,Toles,Andrew,LAN,of,0.500,XXX,0,,,N
Andrew Triggs,Triggs,Andrew,TEX,p,3.980,V,2019,Y,,Y
Andy Ibanez,Ibanez,Andy,PIT,if,0.500,XXX,0,,,N
Andy Yerzy,Andy,Yerzy,PIT,c,0.500,XXX,0,,,N
Anfernee Grier,Grier,Anfernee,ATL,of,0.500,XXX,0,,,N
Angel Perdomo,Perdomo,Angel,NYM,p,0.500,XXX,0,,,N
Anibal Sanchez,Sanchez,Anibal,STL,p,8.000,V,2020,,Y,Y
Anthony Alford,Alford,Anthony,CHC,of,0.500,XXX,0,,,Y
Anthony Banda,Banda,Anthony,LAN,p,0.500,XXX,0,,,Y
Anthony DeSclafani,DeSclafani,Anthony,MIA,p,1.887,4th,0,,,Y
Anthony Garcia,Garcia,Anthony,MIA,of,0.500,XXX,0,,,N
Anthony Kay,Kay,Anthony,ATL,p,0.500,XXX,0,,,N
Anthony Rendon,Rendon,Anthony,TAM,if,15.025,CE,2021,,Y,Y
Anthony Rizzo,Rizzo,Anthony,BOS,if,18.896,CE,2019,,,Y
Anthony Siegler,Siegler,Anthony,OAK,c,0.500,XXX,0,,,N
Anthony Swarzak,Swarzak,Anthony,SEA,p,4.500,V,2019,Y,,Y
Antoni Flores,Flores,Antoni,CHC,if,0.500,XXX,0,,Y,N
Antonio Senzatela,Senzatela,Antonio,SF,p,0.500,XXX,0,,,Y
Aramis Ademan,Ademan,Aramis,LAN,if,0.500,XXX,0,,,N
Aramis Garcia,Garcia,Aramis,PHI,if,1.500,V,2020,Y,Y,Y
Archie Bradley,Bradley,Archie,COL,p,0.650,2nd,0,,,Y
Ariel Jurado,Jurado,Ariel,WAS,p,0.750,2nd,0,,,N
Ariel Pena,Pena,Ariel,WAS,p,0.500,XXX,0,,,N
Aristides Aquino,Aquino,Aristides,TEX,of,0.500,XXX,0,,,N
Arodys Vizcaino,Vizcaino,Arodys,PIT,p,6.527,CE,2020,,Y,Y
Aroldis Chapman,Chapman,Aroldis,TAM,p,11.000,V,2021,Y,Y,Y
Asdrubal Cabrera,Asdrubal,Cabrera,DET,if,4.000,V,2019,,,Y
Ashe Russell,Russell,Ashe,NYA,p,0.500,XXX,0,,,N
Austin Barnes,Barnes,Austin,TEX,c,1.529,4th,0,,,Y
Austin Beck,Beck,Austin,PIT,of,0.500,XXX,0,,,N
Austin Davis,Davis,Austin,SF,p,2.800,V,2021,Y,Y,Y
Austin Dean,Dean,Austin,TEX,of,1.505,V,2020,Y,Y,Y
Austin Franklin,Franklin,Austin,TOR,p,0.500,XXX,0,,,N
Austin Gomber,Gomber,Austin,ATL,p,0.500,XXX,0,,,N
Austin Hays,Hays,Austin,KC,of,0.650,2nd,0,,,N
Austin Hedges,Hedges,Austin,SF,c,1.529,4th,0,,,Y
Austin L. Adams,Austin L.,Adams,TAM,p,1.333,V,2019,Y,Y,Y
Austin Meadows,Meadows,Austin,STL,of,0.500,XXX,0,,,N
Austin Pruitt,Pruitt,Austin,CLE,p,1.000,MLI,2019,,,N
Austin Riley,Riley,Austin,KC,if,0.500,XXX,0,,,N
Austin Romine,Romine,Austin,BOS,c,1.529,4th,0,,,Y
Austin Slater,Slater,Austin,LAN,of,0.500,XXX,0,,,N
Austin Voth,Voth,Austin,LAN,p,0.650,2nd,0,,,N
Avisail Garcia,Garcia,Avisail,TOR,of,8.643,CE,2020,,,Y
Bartolo Colon,Colon,Bartolo,BOS,p,1.000,MLI,2019,,,N
Beau Burrows,Burrows,Beau,TOR,p,0.500,XXX,0,,,N
Ben Bowden,Bowden,Ben,ATL,p,0.500,XXX,0,,,N
Ben Gamel,Gamel,Ben,MIN,of,3.500,V,2020,,Y,Y
Ben Heller,Heller,Ben,SF,p,1.500,V,2019,Y,Y,Y
Ben Lively,Lively,Ben,STL,p,0.500,XXX,0,,,N
Ben Revere,Revere,Ben,BOS,of,1.000,V,2019,,,Y
Ben Zobrist,Zobrist,Ben,CIN,of,10.000,V,2019,,,Y
Billy Hamilton,Hamilton,Billy,ARI,of,6.169,CE,2019,,,Y
Billy McKinney,McKinney,Billy,PHI,of,0.500,XXX,0,,,N
Blaine Hardy,Hardy,Blaine,KC,p,4.800,V,2019,Y,,Y
Blaine Knight,Knight,Blaine,CHC,p,0.500,XXX,0,,,N
Blake Parker,Parker,Blake,KC,p,7.002,V,2020,,,Y
Blake Rutherford,Rutherford,Blake,SF,of,0.500,XXX,0,,,N
Blake Snell,Snell,Blake,ATL,p,1.388,3rd,0,,,Y
Blake Swihart,Swihart,Blake,CHC,c,0.845,3rd,0,,,Y
Blake Taylor,Taylor,Blake,MIN,p,0.500,XXX,0,,,N
Blake Treinen,Treinen,Blake,TEX,p,2.182,4th,0,,,Y
Blayne Enlow,Enlow,Blayne,CLE,p,0.500,XXX,0,,,N
Bo Bichette,Bichette,Bo,LAN,if,0.500,XXX,0,,,N
Bobby Bradley,Bradley,Bobby,OAK,if,0.500,XXX,0,,,N
Bobby Dalbec,Dalbec,Bobby,MIN,if,0.500,XXX,0,,,Y
Bobby Wahl,Wahl,Bobby,LAA,p,0.500,XXX,0,,,Y
Brad Brach,Brach,Brad,PHI,p,4.000,V,2019,,,Y
Brad Hand,Hand,Brad,MIA,p,1.203,3rd,0,,,Y
Brad Keller,Keller,Brad,NYA,p,0.500,XXX,0,,,Y
Brad Miller,Miller,Brad,LAA,if,1.250,V,2019,Y,Y,Y
Brad Peacock,Peacock,Brad,MIA,p,0.936,3rd,0,,,Y
Brad Wieck,Wieck,Brad,PHI,p,1.000,MLI,2019,,,N
Brad Ziegler,Ziegler,Brad,MIL,p,1.000,V,2019,,Y,Y
Braden Shipley,Shipley,Braden,LAA,p,0.500,XXX,0,,,N
Bradley Zimmer,Zimmer,Bradley,CHC,of,0.650,2nd,0,,,N
Brady Aiken,Aiken,Brady,PIT,p,0.500,XXX,0,,,N
Brady Singer,Singer,Brady,NYA,p,0.500,XXX,0,,,N
Brailyn Marquez,Marquez,Brailyn,LAN,p,0.500,XXX,0,,Y,N
Branden Kline,Kline,Branden,SD,p,1.000,V,2019,Y,Y,Y
Brandon Belt,Belt,Brandon,DET,if,25.250,V,2021,Y,,Y
Brandon Crawford,Crawford,Brandon,DET,if,7.889,CE,2020,,,Y
Brandon Drury,Drury,Brandon,SF,if,0.845,3rd,0,,,Y
Brandon Finnegan,Finnegan,Brandon,CHC,p,5.242,5th,0,,,Y
Brandon Guyer,Guyer,Brandon,STL,of,5.500,V,2019,,,Y
Brandon Kintzler,Kintzler,Brandon,HOU,p,1.500,V,2019,,,Y
Brandon Lowe,Lowe,Brandon,PIT,if,0.500,XXX,0,,,N
Brandon Marsh,Marsh,Brandon,CHC,of,0.500,XXX,0,,,N
Brandon Maurer,Maurer,Brandon,CHC,p,1.825,4th,0,,,Y
Brandon Morrow,Morrow,Brandon,HOU,p,10.000,V,2020,,,Y
Brandon Nimmo,Nimmo,Brandon,CHA,of,0.750,2nd,0,,,Y
Brandon Woodruff,Woodruff,Brandon,CHC,p,1.943,3rd,0,,,N
Brandon Workman,Workman,Brandon,WAS,p,2.384,5th,0,,,Y
Braxton Davidson,Davidson,Braxton,DET,if,0.500,XXX,0,,,N
Braxton Garrett,Garrett,Braxton,NYA,p,0.500,XXX,0,,,N
Brayan Hernandez,Hernandez,Brayan,PHI,of,0.500,XXX,0,,,N
Brayan Rocchio,Rocchio,Brayan,PHI,if,0.500,XXX,0,,Y,N
Brendan McKay,McKay,Brendan,MIN,p,0.500,XXX,0,,,N
Brendan Rodgers,Rodgers,Brendan,TAM,if,0.500,XXX,0,,,N
Brendon Little,Little,Brendon,BAL,p,0.500,XXX,0,,,N
Brent Honeywell,Honeywell,Brent,LAN,p,0.500,XXX,0,,,N
Brent Rooker,Rooker,Brent,DET,if,0.500,XXX,0,,,N
Brent Suter,Suter,Brent,PIT,p,2.260,V,2020,,Y,Y
Brett Anderson,Anderson,Brett,MIL,p,1.505,V,2020,Y,Y,Y
Brett Cecil,Cecil,Brett,TAM,p,6.000,V,2019,Y,,Y
Brett Cumberland,Cumberland,Brett,TAM,c,0.500,XXX,0,,,N
Brett Gardner,Gardner,Brett,SD,of,10.556,V,2020,,,Y
Brett Graves,Graves,Brett,PHI,p,0.500,XXX,0,,,N
Brett Lawrie,Lawrie,Brett,OAK,if,3.500,V,2019,Y,,Y
Brett Martin,Martin,Brett,CHA,p,0.500,XXX,0,,,Y
Brett Nicholas,Nicholas,Brett,MIL,c,1.002,V,2019,,,Y
Brett Oberholtzer,Oberholtzer,Brett,PHI,p,0.845,3rd,0,,,N
Brett Phillips,Phillips,Brett,MIL,of,0.500,1st,0,,,Y
Breyvic Valera,Valera,Breyvic,STL,if,1.800,V,2021,Y,Y,Y
Brian Anderson,Anderson,Brian,DET,of,0.650,2nd,0,,,Y
Brian Dozier,Dozier,Brian,TEX,if,12.416,CE,2020,,,Y
Brian Duensing,Duensing,Brian,LAN,p,3.000,V,2019,,,Y
Brian Flynn,Flynn,Brian,WAS,p,0.845,3rd,0,,,Y
Brian Goodwin,Goodwin,Brian,CHC,of,0.500,XXX,0,,,N
Brian Johnson,Johnson,Brian,NYM,p,0.500,XXX,0,,,Y
Brian McCann,McCann,Brian,BAL,c,9.000,V,2019,,,Y
Brian Moran,Moran,Brian,BAL,p,1.000,V,2019,,,Y
Brice Turang,Turang,Brice,OAK,if,0.500,XXX,0,,,N
Brock Burke,Burke,Brock,ARI,p,0.500,XXX,0,,Y,N
Brock Dykxhoorn,Dykxhoorn,Brock,MIL,p,0.500,XXX,0,,,Y
Brock Holt,Holt,Brock,WAS,if,4.807,V,2019,,,Y
Brock Stassi,Stassi,Brock,MIN,if,2.500,V,2020,Y,,Y
Brock Stewart,Stewart,Brock,CHC,p,0.500,1st,0,,,Y
Bruce Maxwell,Maxwell,Bruce,CIN,c,2.200,V,2020,Y,,Y
Bruce Rondon,Rondon,Bruce,CIN,p,0.845,3rd,0,,,N
Brusdar Graterol,Graterol,Brusdar,CHA,p,0.500,XXX,0,,,N
Bryan Mata,Mata,Bryan,SF,p,0.500,XXX,0,,,N
Bryan Morris,Morris,Bryan,CLE,p,0.650,2nd,0,,,N
Bryan Reynolds,Reynolds,Bryan,BAL,of,0.500,XXX,0,,,N
Bryan Shaw,Shaw,Bryan,DET,p,4.750,V,2020,,,Y
Bryce Brentz,Brentz,Bryce,BOS,of,0.750,2nd,0,,,N
Bryce Harper,Harper,Bryce,TAM,of,23.848,CE,2019,,,Y
Bryse Wilson,Wilson,Bryse,ARI,p,0.500,XXX,0,,,Y
Bubba Starling,Starling,Bubba,BOS,of,0.500,XXX,0,,,N
Bubba Thompson,Thompson,Bubba,KC,of,0.500,XXX,0,,,N
Bud Norris,Norris,Bud,ATL,p,1.500,V,2019,,,Y
Buddy Reed,Reed,Buddy,ATL,of,0.500,XXX,0,,,N
Burch Smith,Smith,Burch,SD,p,0.845,3rd,0,,,N
Buster Posey,Posey,Buster,PIT,c,28.975,V,2021,Y,,Y
Byron Buxton,Buxton,Byron,OAK,of,3.867,5th,0,,,Y
C.J. Chatham,Chatham,C.J.,MIN,if,0.500,XXX,0,,,N
C.J. Cron,C.J.,Cron,PHI,if,0.845,3rd,0,,,Y
Cadyn Grenier,Grenier,Cadyn,CIN,if,0.500,XXX,0,,,N
Cal Quantrill,Quantrill,Cal,CHC,p,0.500,XXX,0,,,N
Caleb Ferguson,Ferguson,Caleb,SEA,p,0.500,XXX,0,,,Y
Caleb Smith,Smith,Caleb,TAM,p,3.666,V,2021,Y,Y,Y
Calvin Mitchell,Mitchell,Calvin,COL,of,0.500,XXX,0,,,N
Cam Bedrosian,Bedrosian,Cam,HOU,p,4.750,V,2020,Y,,Y
Cameron Maybin,Maybin,Cameron,ARI,of,1.900,V,2019,Y,,Y
Carl Edwards Jr.,Carl,Edwards Jr.,CHA,p,0.925,2nd,0,,,Y
Carlos Asuaje,Asuaje,Carlos,LAA,if,2.000,V,2020,Y,,Y
Carlos Carrasco,Carrasco,Carlos,COL,p,16.935,CE,2021,,Y,Y
Carlos Correa,Correa,Carlos,OAK,if,4.797,4th,0,,,Y
Carlos Estevez,Estevez,Carlos,MIL,p,3.210,V,2019,Y,,Y
Carlos Gomez,Gomez,Carlos,ATL,of,6.000,V,2019,Y,,Y
Carlos Gonzalez,Gonzalez,Carlos,SEA,of,18.250,V,2020,,,Y
Carlos Martinez,Martinez,Carlos,LAN,p,13.083,CE,2020,,,Y
Carlos Perez,Perez,Carlos,NYA,c,1.529,4th,0,,,Y
Carlos Rodon,Rodon,Carlos,TAM,p,3.795,4th,0,,,Y
Carlos Santana,Santana,Carlos,CHA,if,4.878,V,2020,Y,Y,Y
Carlos Tocci,Tocci,Carlos,MIA,of,0.500,XXX,0,,,N
Carlos Vargas,Vargas,Carlos,TAM,p,0.500,XXX,0,,Y,N
Carson Fulmer,Fulmer,Carson,CHC,p,0.500,XXX,0,,,Y
Carson Kelly,Kelly,Carson,BOS,c,0.500,XXX,0,,,Y
Carson Sands,Sands,Carson,WAS,p,0.500,XXX,0,,,N
Carson Smith,Smith,Carson,MIA,p,2.259,4th,0,,,Y
Carter Kieboom,Kieboom,Carter,CHC,if,0.500,XXX,0,,,N
Carter Stewart,Stewart,Carter,MIN,p,0.500,XXX,0,,,N
Casey Crosby,Crosby,Casey,CIN,p,0.500,XXX,0,,,N
Casey Kelly,Kelly,Casey,CIN,p,0.650,2nd,0,,,N
Casey Meisner,Meisner,Casey,STL,p,0.500,XXX,0,,,N
Casey Mize,Mize,Casey,PHI,p,0.500,XXX,0,,,N
Cavan Biggio,Biggio,Cavan,CHC,if,0.500,XXX,0,,,N
CC Sabathia,Sabathia,CC,WAS,p,6.000,V,2020,,Y,Y
Cedric Mullins,Mullins,Cedric,MIL,of,0.500,XXX,0,,,Y
Cesar Hernandez,Hernandez,Cesar,PHI,if,5.000,V,2021,,,Y
Cesar Puello,Puello,Cesar,WAS,of,0.500,XXX,0,,,N
Chad Green,Green,Chad,ARI,p,0.750,2nd,0,,,Y
Chad Kuhl,Kuhl,Chad,MIL,p,0.650,2nd,0,,,Y
Chad Pinder,Pinder,Chad,BAL,of,0.845,3rd,0,,,Y
Chance Adams,Adams,Chance,ARI,p,0.500,XXX,0,,,N
Chance Sisco,Sisco,Chance,TOR,c,0.500,1st,0,,,N
Charlie Blackmon,Blackmon,Charlie,CHC,of,24.225,V,2021,,Y,Y
Charlie Morton,Morton,Charlie,KC,p,16.000,V,2019,Y,,Y
Charlie Tilson,Tilson,Charlie,ATL,of,0.845,3rd,0,,,N
Chase d'Arnaud,d'Arnaud,Chase,LAN,if,0.650,2nd,0,,,N
Chase Headley,Headley,Chase,SD,if,2.760,V,2019,,,Y
Chasen Shreve,Shreve,Chasen,MIN,p,2.250,V,2020,Y,,Y
Chaz Roe,Roe,Chaz,CLE,p,1.550,V,2018,Y,,Y
Cheslor Cuthbert,Cuthbert,Cheslor,MIL,if,0.650,2nd,0,,,N
Chi-Chi Gonzalez,Gonzalez,Chi-Chi,DET,p,0.500,XXX,0,,,N
Chih-Wei Hu,Hu,Chih-Wei,DET,p,0.500,XXX,0,,,N
Chris Anderson,Anderson,Chris,CLE,p,0.500,XXX,0,,,N
Chris Archer,Archer,Chris,ARI,p,10.585,CE,2020,,,Y
Chris Bassitt,Bassitt,Chris,PHI,p,1.500,V,2020,,Y,Y
Chris Betts,Betts,Chris,DET,c,0.500,XXX,0,,,N
Chris Devenski,Devenski,Chris,OAK,p,5.250,V,2019,Y,,Y
Chris Ellis,Ellis,Chris,TAM,p,0.500,XXX,0,,,N
Chris Iannetta,Iannetta,Chris,LAN,c,1.620,V,2019,,,Y
Chris Martin,Martin,Chris,CIN,p,5.750,V,2020,,Y,Y
Chris Okey,Okey,Chris,KC,c,0.500,XXX,0,,,N
Chris Owings,Owings,Chris,MIL,if,2.514,5th,0,,,Y
Chris Paddack,Paddack,Chris,TEX,p,0.500,XXX,0,,,N
Chris Rodriguez,Rodriguez,Chris,CHA,p,0.500,XXX,0,,,N
Chris Sale,Sale,Chris,MIA,p,45.500,V,2023,Y,Y,Y
Chris Seise,Seise,Chris,PHI,if,0.500,XXX,0,,,N
Chris Shaw,Shaw,Chris,BOS,of,0.500,XXX,0,,,Y
Chris Stratton,Stratton,Chris,BAL,p,0.650,2nd,0,,,Y
Chris Taylor,Taylor,Chris,PIT,if,2.570,4th,0,,,Y
Christian Arroyo,Arroyo,Christian,DET,if,0.500,XXX,0,,,N
Christian Bethancourt,Bethancourt,Christian,DET,c,0.650,2nd,0,,,Y
Christian Colon,Colon,Christian,ARI,if,1.050,V,2019,Y,Y,Y
Christian Lopes,Lopes,Christian,MIL,if,1.803,V,2021,Y,Y,Y
Christian Vazquez,Vazquez,Christian,WAS,c,2.876,5th,0,,,Y
Christian Villanueva,Villanueva,Christian,ARI,if,0.500,1st,0,,,N
Christian Walker,Walker,Christian,NYA,if,0.975,3rd,0,,,N
Christian Yelich,Yelich,Christian,TEX,of,16.993,CE,2021,,Y,Y
Christin Stewart,Christin,Stewart,SF,of,0.500,XXX,0,,,N
Cionel Perez,Perez,Cionel,NYM,p,0.500,XXX,0,,,N
Clarke Schmidt,Schmidt,Clarke,CHC,p,0.500,XXX,0,,,N
Clay Buchholz,Buchholz,Clay,SF,p,7.110,V,2019,Y,,Y
Clay Holmes,Holmes,Clay,STL,p,1.800,V,2021,Y,Y,Y
Clayton Blackburn,Blackburn,Clayton,PIT,p,1.300,3rd,0,,,N
Clayton Kershaw,Kershaw,Clayton,PIT,p,38.500,V,2022,,,Y
Clayton Richard,Richard,Clayton,CLE,p,12.002,V,2019,,,Y
Clint Coulter,Coulter,Clint,DET,c,0.500,XXX,0,,,N
Clint Frazier,Frazier,Clint,COL,of,0.500,XXX,0,,,N
Cody Allen,Allen,Cody,SEA,p,6.902,CE,2020,,,Y
Cody Anderson,Anderson,Cody,BOS,p,0.650,2nd,0,,,N
Cody Asche,Asche,Cody,ATL,if,0.845,3rd,0,,,Y
Cody Bellinger,Bellinger,Cody,PIT,of,1.050,2nd,0,,,Y
Cody Bolton,Bolton,Cody,TEX,p,0.500,XXX,0,,,N
Cody Ponce,Ponce,Cody,MIL,p,0.500,XXX,0,,,N
Cody Reed,Cody,Reed,KC,p,0.500,XXX,0,,,N
Cody Sedlock,Sedlock,Cody,CLE,p,0.500,XXX,0,,,N
Colby Rasmus,Rasmus,Colby,SF,of,12.800,V,2019,,,Y
Cole Hamels,Hamels,Cole,PHI,p,25.000,V,2020,,Y,Y
Cole Ragans,Ragans,Cole,HOU,p,0.500,XXX,0,,,N
Cole Roederer,Roederer,Cole,TEX,of,0.500,XXX,0,,Y,N
Cole Stobbe,Stobbe,Cole,MIA,if,0.500,XXX,0,,,N
Cole Sulser,Sulser,Cole,KC,p,1.400,V,2019,Y,Y,Y
Cole Tucker,Tucker,Cole,ARI,if,0.500,XXX,0,,,N
Cole Wilcox,Wilcox,Cole,BAL,p,0.500,XXX,0,,,N
Cole Winn,Winn,Cole,TOR,p,0.500,XXX,0,,,N
Colin Moran,Moran,Colin,BAL,if,0.650,2nd,0,,,Y
Colin Poche,Poche,Colin,ARI,p,0.500,XXX,0,,,Y
Colin Rea,Rea,Colin,PIT,p,0.650,2nd,0,,,N
Collin McHugh,McHugh,Collin,WAS,p,16.660,V,2019,,,Y
Colten Brewer,Brewer,Colten,KC,p,1.400,V,2019,Y,Y,Y
Colton Welker,Welker,Colton,NYM,if,0.500,XXX,0,,,N
Conner Greene,Greene,Conner,PIT,p,0.500,XXX,0,,,N
Connor Jones,Jones,Connor,OAK,p,0.500,XXX,0,,,N
Connor Scott,Scott,Connor,MIN,of,0.500,XXX,0,,,N
Corbin Burnes,Burnes,Corbin,CIN,p,0.500,XXX,0,,,Y
Corbin Martin,Martin,Corbin,MIN,p,0.500,XXX,0,,,Y
Corey Dickerson,Dickerson,Corey,BOS,of,4.383,6th,0,,,Y
Corey Kluber,Kluber,Corey,TAM,p,16.178,CE,2020,,,Y
Corey Knebel,Knebel,Corey,ARI,p,3.150,V,2019,Y,,Y
Corey Ray,Ray,Corey,TAM,of,0.500,XXX,0,,,N
Corey Seager,Seager,Corey,LAA,if,1.711,3rd,0,,,Y
Cornelius Randolph,Randolph,Cornelius,CLE,of,0.500,XXX,0,,,N
Cory Gearrin,Gearrin,Cory,MIN,p,1.800,V,2019,Y,,Y
Cory Spangenberg,Spangenberg,Cory,SD,if,3.725,4th,0,,,Y
Courtney Hawkins,Hawkins,Courtney,HOU,of,0.500,XXX,0,,,N
Craig Kimbrel,Kimbrel,Craig,ATL,p,15.000,V,2022,,Y,Y
Craig Stammen,Stammen,Craig,ARI,p,2.250,V,2021,Y,Y,Y
Cristian Javier,Javier,Cristian,PIT,p,0.500,XXX,0,,,N
Cristian Pache,Pache,Cristian,COL,of,0.500,XXX,0,,,N
Curt Casali,Casali,Curt,CHC,c,1.000,V,2019,,,Y
Curtis Granderson,Granderson,Curtis,CLE,of,1.500,V,2019,,Y,Y
Curtis Taylor,Taylor,Curtis,BOS,p,0.500,XXX,0,,,Y
D.J. Johnson,Johnson,D.J.,TAM,p,1.333,V,2019,Y,Y,Y
D.J. Peterson,D.J.,Peterson,LAA,if,0.500,XXX,0,,,N
D.J. Stewart,D.J.,Stewart,CHC,of,0.500,XXX,0,,,Y
Dakota Hudson,Hudson,Dakota,DET,p,0.500,XXX,0,,,N
Dallas Keuchel,Keuchel,Dallas,COL,p,12.283,V,2019,,,Y
Dalton Pompey,Pompey,Dalton,MIA,of,0.500,XXX,0,,,N
Dan Jennings,Jennings,Dan,KC,p,1.950,V,2019,,,Y
Dan Otero,Otero,Dan,COL,p,3.750,V,2019,,,Y
Dan Vogelbach,Vogelbach,Dan,STL,if,1.388,3rd,0,,,Y
Dan Winkler,Dan,Winkler,NYA,p,1.050,2nd,0,,,Y
Dane Dunning,Dunning,Dane,LAA,p,0.500,XXX,0,,,Y
Daniel Castro,Castro,Daniel,CHC,if,1.000,V,2019,,,Y
Daniel Coulombe,Coulombe,Daniel,PIT,p,1.760,V,2019,Y,,Y
Daniel Descalso,Descalso,Daniel,KC,if,1.000,MLI,2019,,,Y
Daniel Gossett,Gossett,Daniel,PHI,p,0.500,XXX,0,,,N
Daniel Hudson,Hudson,Daniel,SF,p,2.270,V,2019,Y,,Y
Daniel Johnson,Johnson,Daniel,TEX,of,0.500,XXX,0,,,N
Daniel Lynch,Lynch,Daniel,OAK,p,0.500,XXX,0,,,N
Daniel Mengden,Mengden,Daniel,SEA,p,0.500,XXX,0,,,N
Daniel Murphy,Murphy,Daniel,MIA,if,21.300,V,2021,,,Y
Daniel Norris,Norris,Daniel,OAK,p,1.050,2nd,0,,,N
Daniel Palka,Palka,Daniel,DET,of,1.000,V,2019,,,Y
Daniel Poncedeleon,Poncedeleon,Daniel,TEX,p,3.150,V,2020,Y,Y,Y
Daniel Robertson,Robertson,Daniel,CIN,if,0.650,2nd,0,,,Y
Daniel Straily,Straily,Daniel,TOR,p,2.384,5th,0,,,Y
Danny Barnes,Barnes,Danny,HOU,p,2.150,V,2019,Y,,Y
Danny Duffy,Danny,Duffy,BOS,p,5.093,5th,0,,,Y
Danny Jansen,Jansen,Danny,MIA,c,0.500,XXX,0,,,N
Danny Salazar,Salazar,Danny,PIT,p,6.494,5th,0,,,Y
Danny Santana,Santana,Danny,STL,if,5.000,V,2020,,Y,Y
Danny Valencia,Valencia,Danny,WAS,if,3.455,6th,0,,,Y
Dansby Swanson,Swanson,Dansby,HOU,if,0.750,2nd,0,,,Y
Dario Alvarez,Alvarez,Dario,CLE,p,1.550,V,2019,,,Y
Darren O'Day,O'Day,Darren,PHI,p,7.000,V,2020,,Y,Y
Daulton Jefferies,Daulton,Jefferies,HOU,p,0.500,XXX,0,,,N
Daulton Varsho,Varsho,Daulton,PIT,c,0.500,XXX,0,,,Y
David Bote,Bote,David,MIL,if,4.250,V,2022,Y,Y,Y
David Dahl,Dahl,David,LAA,of,1.365,3rd,0,,,Y
David Freese,Freese,David,MIN,if,1.800,V,2019,,,Y
David Hernandez,Hernandez,David,STL,p,4.000,V,2019,Y,,Y
David Paulino,Paulino,David,COL,p,0.500,XXX,0,,,N
David Peralta,Peralta,David,PHI,of,22.000,V,2021,,Y,Y
David Peterson,Peterson,David,LAN,p,0.500,XXX,0,,,N
David Price,Price,David,OAK,p,37.000,V,2020,,,Y
David Robertson,Robertson,David,SD,p,9.557,V,2020,,,Y
Dawel Lugo,Lugo,Dawel,SF,if,0.500,XXX,0,,,N
Daz Cameron,Cameron,Daz,TOR,of,0.500,XXX,0,,,N
Deck McGuire,McGuire,Deck,LAA,p,0.650,2nd,0,,,N
Dee Gordon,Gordon,Dee,BOS,of,8.250,V,2020,,Y,Y
Deivi Garcia,Garcia,Deivi,SF,p,0.500,XXX,0,,,N
Delino DeShields,Delino,DeShields,ATL,of,3.008,5th,0,,,Y
Dellin Betances,Betances,Dellin,MIA,p,5.915,5th,0,,,Y
Delvin Perez,Perez,Delvin,ARI,if,0.500,XXX,0,,,N
Demi Orimoloye,Orimoloye,Demi,MIL,of,0.500,XXX,0,,,N
Denard Span,Span,Denard,ATL,of,8.760,V,2019,,,Y
Dennis Santana,Santana,Dennis,ATL,p,0.500,XXX,0,,,N
Dereck Rodriguez,Rodriguez,Dereck,MIL,p,7.501,V,2022,Y,Y,Y
Derek Dietrich,Dietrich,Derek,ARI,if,3.585,6th,0,,,Y
Derek Fisher,Fisher,Derek,CLE,of,0.925,2nd,0,,,N
Derek Hill,Hill,Derek,NYM,of,0.500,XXX,0,,,N
Derek Holland,Holland,Derek,SEA,p,1.000,V,2019,,,Y
Derek Law,Law,Derek,TAM,p,2.550,V,2020,Y,,Y
Derek Norris,Norris,Derek,NYM,c,3.000,V,2020,Y,,Y
Derian Cruz,Cruz,Derian,OAK,if,0.500,XXX,0,,,N
Dermis Garcia,Garcia,Dermis,SD,if,0.500,XXX,0,,,N
Desmond Lindsay,Lindsay,Desmond,STL,of,0.500,XXX,0,,,N
Deven Marrero,Marrero,Deven,MIN,if,0.650,2nd,0,,,N
Devin Mesoraco,Mesoraco,Devin,STL,c,7.000,V,2019,,,Y
Devin Williams,Williams,Devin,NYM,p,0.500,XXX,0,,,N
Devon Travis,Travis,Devon,MIN,if,2.889,4th,0,,,Y
Dexter Fowler,Fowler,Dexter,SEA,of,2.000,V,2020,,Y,Y
Didi Gregorius,Gregorius,Didi,CHA,if,13.288,CE,2020,,Y,Y
Dietrich Enns,Enns,Dietrich,LAA,p,0.500,1st,0,,,N
Dillon Maples,Maples,Dillon,NYM,p,1.800,V,2020,Y,,Y
Dillon Overton,Overton,Dillon,HOU,p,0.975,3rd,0,,,N
Dillon Tate,Tate,Dillon,PHI,p,0.500,XXX,0,,,N
Dilson Herrera,Herrera,Dilson,MIL,if,0.845,3rd,0,,,Y
Dinelson Lamet,Lamet,Dinelson,NYM,p,0.750,2nd,0,,,N
DJ LeMahieu,LeMahieu,DJ,SF,if,12.500,V,2020,Y,Y,Y
DJ Peters,DJ,Peters,LAA,of,0.500,XXX,0,,,N
DL Hall,DL,Hall,NYM,p,0.500,XXX,0,,,N
Domingo Acevedo,Acevedo,Domingo,PHI,p,0.500,XXX,0,,,N
Domingo German,German,Domingo,NYM,p,5.000,V,2021,Y,,Y
Domingo Leyba,Leyba,Domingo,ATL,if,0.500,XXX,0,,,N
Domingo Santana,Santana,Domingo,ARI,of,4.591,4th,0,,,Y
Dominic Leone,Leone,Dominic,CLE,p,6.000,V,2022,,,Y
Dominic Nunez,Nunez,Dominic,SEA,c,0.500,1st,0,,,N
Dominic Smith,Smith,Dominic,ARI,if,0.500,XXX,0,,,N
Donn Roach,Roach,Donn,LAA,p,0.500,XXX,0,,,N
Donnie Dewees,Dewees,Donnie,MIL,of,0.500,XXX,0,,,Y
Donnie Hart,Hart,Donnie,SF,p,2.100,V,2020,,,Y
Dorssys Paulino,Paulino,Dorssys,NYM,of,0.500,XXX,0,,,Y
Drew Ellis,Ellis,Drew,CHC,if,0.500,XXX,0,,,Y
Drew Jackson,Jackson,Drew,STL,if,0.500,XXX,0,,,N
Drew Mendoza,Mendoza,Drew,BAL,if,0.500,XXX,0,,,N
Drew Pomeranz,Pomeranz,Drew,KC,p,2.250,V,2020,Y,Y,Y
Drew Rasmussen,Rasmussen,Drew,NYM,p,0.500,XXX,0,,,N
Drew Smyly,Smyly,Drew,SEA,p,2.750,V,2021,Y,Y,Y
Drew Steckenrider,Steckenrider,Drew,CHC,p,4.222,V,2020,Y,,Y
Drew VerHagen,VerHagen,Drew,NYA,p,4.500,V,2022,Y,Y,Y
Drew Vettleson,Vettleson,Drew,WAS,of,0.500,XXX,0,,,N
Drew Ward,Ward,Drew,PIT,if,0.500,XXX,0,,,N
Drew Waters,Waters,Drew,TOR,of,0.500,XXX,0,,,N
Duane Underwood,Underwood,Duane,HOU,p,0.500,XXX,0,,,N
Dustin Fowler,Fowler,Dustin,BAL,of,0.750,2nd,0,,,Y
Dustin May,May,Dustin,TAM,p,0.500,XXX,0,,,N
Dustin Pedroia,Pedroia,Dustin,PHI,if,1.000,V,2019,Y,Y,Y
Dustin Peterson,Peterson,Dustin,BAL,of,1.050,2nd,0,,,N
Dylan Bundy,Bundy,Dylan,OAK,p,4.083,4th,0,,,Y
Dylan Carlson,Carlson,Dylan,LAA,of,0.500,XXX,0,,Y,N
Dylan Cease,Cease,Dylan,HOU,p,0.500,XXX,0,,,N
Dylan Covey,Covey,Dylan,PIT,p,0.500,XXX,0,,,N
Dylan Cozens,Cozens,Dylan,PIT,of,0.500,XXX,0,,,N
Eddie Rosario,Rosario,Eddie,PHI,of,1.365,3rd,0,,,Y
Eduardo Escobar,Escobar,Eduardo,CHA,if,5.550,V,2020,,,Y
Eduardo Nunez,Nunez,Eduardo,TOR,if,5.500,V,2020,,Y,Y
Eduardo Rodriguez,Rodriguez,Eduardo,MIA,p,2.205,3rd,0,,,Y
Edubray Ramos,Ramos,Edubray,OAK,p,4.500,V,2020,Y,,Y
Edward Cabrera,Cabrera,Edward,SF,p,0.500,XXX,0,,,N
Edward Paredes,Paredes,Edward,NYM,p,2.125,V,2020,Y,,Y
Edwin Diaz,Diaz,Edwin,OAK,p,0.845,3rd,0,,,Y
Edwin Encarnacion,Encarnacion,Edwin,BAL,if,15.000,V,2019,,,Y
Edwin Rios,Rios,Edwin,PIT,if,0.500,XXX,0,,,N
Ehire Adrianza,Adrianza,Ehire,TOR,if,1.501,V,2019,,,Y
Elehuris Montero,Montero,Elehuris,CLE,if,0.500,XXX,0,,,N
Elias Diaz,Diaz,Elias,ATL,c,2.800,V,2019,,,Y
Eloy Jimenez,Jimenez,Eloy,ARI,of,0.500,XXX,0,,,Y
Elvis Andrus,Andrus,Elvis,LAN,if,5.400,V,2020,,,Y
Emilio Pagan,Pagan,Emilio,KC,p,1.510,V,2019,Y,,Y
Emilio Vargas,Vargas,Emilio,NYA,p,0.500,XXX,0,,,N
Ender Inciarte,Inciarte,Ender,SD,of,4.766,5th,0,,,Y
Enny Romero,Romero,Enny,DET,p,0.650,2nd,0,,,N
Enyel de los Santos,de los Santos,Enyel,MIA,p,0.500,XXX,0,,,N
Erasmo Ramirez,Ramirez,Erasmo,SD,p,0.975,3rd,0,,,N
Eric Haase,Haase,Eric,NYM,c,1.800,V,2020,Y,,Y
Eric Hosmer,Hosmer,Eric,WAS,if,13.300,V,2023,Y,,Y
Eric Lauer,Lauer,Eric,BAL,p,0.500,XXX,0,,,N
Eric Pardinho,Pardinho,Eric,SF,p,0.500,XXX,0,,Y,N
Eric Sogard,Sogard,Eric,MIA,if,1.500,V,2019,,,Y
Eric Thames,Thames,Eric,BAL,if,15.000,V,2021,Y,Y,Y
Erick Fedde,Fedde,Erick,TEX,p,0.500,XXX,0,,,N
Erik Gonzalez,Gonzalez,Erik,CIN,if,3.200,V,2023,,,Y
Erik Johnson,Johnson,Erik,BOS,p,0.500,1st,0,,,N
Erik Swanson,Swanson,Erik,KC,p,2.100,V,2021,Y,Y,Y
Ervin Santana,Santana,Ervin,LAA,p,12.500,V,2019,,,Y
Esteban Quiroz,Quiroz,Esteban,TOR,if,3.750,V,2020,,Y,Y
Esteury Ruiz,Ruiz,Esteury,SF,if,0.500,XXX,0,,,N
Estevan Florial,Florial,Estevan,SF,of,0.500,XXX,0,,,N
Ethan Hankins,Hankins,Ethan,CHC,p,0.500,XXX,0,,,N
Eugenio Suarez,Suarez,Eugenio,TOR,if,2.245,4th,0,,,Y
Evan Gattis,Gattis,Evan,BAL,c,6.840,CE,2020,,Y,Y
Evan Longoria,Longoria,Evan,SF,if,14.000,V,2021,,,Y
Evan White,White,Evan,CHC,if,0.500,XXX,0,,,N
Everson Pereira,Pereira,Everson,NYM,of,0.500,XXX,0,,Y,N
Felipe Vazquez,Vazquez,Felipe,TEX,p,1.125,3rd,0,,,Y
Felix Hernandez,Hernandez,Felix,NYA,p,22.600,V,2019,,,Y
Fernando Abad,Abad,Fernando,ARI,p,1.501,V,2019,Y,,Y
Fernando Romero,Romero,Fernando,TAM,p,0.500,XXX,0,,,N
Fernando Tatis Jr.,Fernando,Tatis Jr.,BAL,if,0.500,XXX,0,,,N
Forrest Wall,Wall,Forrest,MIL,if,0.500,XXX,0,,,N
Forrest Whitley,Whitley,Forrest,CIN,p,0.500,XXX,0,,,N
Foster Griffin,Griffin,Foster,NYM,p,0.500,XXX,0,,,N
Francis Martes,Martes,Francis,TOR,p,0.500,XXX,0,,,N
Francisco Cervelli,Cervelli,Francisco,TAM,c,5.500,V,2020,Y,Y,Y
Francisco Lindor,Lindor,Francisco,COL,if,3.957,4th,0,,,Y
Francisco Mejia,Mejia,Francisco,ARI,c,0.500,XXX,0,,,Y
Francisco Morales,Morales,Francisco,KC,p,0.500,XXX,0,,,N
Francisco Rios,Rios,Francisco,CHC,p,0.500,XXX,0,,,N
Frankie Montas,Frankie,Montas,NYM,p,0.925,2nd,0,,,N
Franklin Barreto,Barreto,Franklin,MIN,if,0.500,XXX,0,,,Y
Franklin Perez,Franklin,Perez,CHC,p,0.500,XXX,0,,,N
Franklyn Kilome,Kilome,Franklyn,MIL,p,0.500,XXX,0,,,N
Franmil Reyes,Reyes,Franmil,LAN,of,0.500,XXX,0,,,Y
Freddie Freeman,Freeman,Freddie,ATL,if,36.000,V,2023,,Y,Y
Freddy Galvis,Galvis,Freddy,STL,if,5.000,V,2020,,Y,Y
Freddy Peralta,Peralta,Freddy,SEA,p,0.500,XXX,0,,,Y
Freddy Tarnok,Tarnok,Freddy,OAK,p,0.500,XXX,0,,Y,N
Freicer Perez,Perez,Freicer,NYA,p,0.500,XXX,0,,,N
Freudis Nova,Nova,Freudis,CIN,if,0.500,XXX,0,,Y,N
Gabriel Guerrero,Guerrero,Gabriel,KC,of,0.500,2nd,0,,,N
Gabriel Ynoa,Ynoa,Gabriel,NYA,p,0.650,2nd,0,,,N
Garin Cecchini,Cecchini,Garin,SD,if,1.500,3rd,0,,,N
Garrett Hampson,Hampson,Garrett,SF,if,0.500,XXX,0,,,Y
Garrett Richards,Richards,Garrett,SEA,p,7.040,5th,0,,,Y
Garrett Whitley,Whitley,Garrett,BOS,of,0.500,XXX,0,,,N
Gary Sanchez,Sanchez,Gary,OAK,c,1.203,3rd,0,,,Y
Gavin Cecchini,Cecchini,Gavin,KC,if,0.650,2nd,0,,,Y
Gavin LaValley,LaValley,Gavin,TEX,if,0.500,XXX,0,,,N
Gavin Lux,Lux,Gavin,CIN,if,0.500,XXX,0,,,N
Gavin Sheets,Sheets,Gavin,HOU,if,0.500,XXX,0,,,N
Genesis Cabrera,Cabrera,Genesis,LAN,p,0.500,XXX,0,,,N
George Kontos,Kontos,George,COL,p,1.870,V,2019,,,Y
George Springer,Springer,George,OAK,of,14.209,CE,2020,,,Y
George Valera,Valera,George,SD,of,0.500,XXX,0,,Y,N
German Marquez,Marquez,German,TOR,p,0.650,2nd,0,,,Y
Gerrit Cole,Cole,Gerrit,DET,p,15.021,CE,2021,,Y,Y
Giancarlo Stanton,Stanton,Giancarlo,CHC,of,38.000,V,2023,,Y,Y
Gilberto Celestino,Celestino,Gilberto,TAM,if,0.500,XXX,0,,,N
Gio Brusa,Brusa,Gio,PIT,of,0.500,XXX,0,,,N
Gio Gonzalez,Gonzalez,Gio,PIT,p,21.775,V,2020,,,Y
Giovanny Gallegos,Gallegos,Giovanny,LAN,p,1.876,V,2019,Y,,Y
Giovanny Urshela,Urshela,Giovanny,LAN,if,0.500,XXX,0,,,N
Gleyber Torres,Torres,Gleyber,TAM,if,0.500,XXX,0,,,Y
Gosuke Katoh,Katoh,Gosuke,MIN,if,0.500,XXX,0,,,N
Grant Dayton,Dayton,Grant,CHC,p,5.100,V,2019,Y,,Y
Grant Holmes,Holmes,Grant,DET,p,0.500,XXX,0,,,N
Grant Lavigne,Lavigne,Grant,SEA,if,0.500,XXX,0,,Y,N
Grayson Greiner,Greiner,Grayson,LAA,c,0.500,1st,0,,,Y
Grayson Rodriguez,Rodriguez,Grayson,DET,if,0.500,XXX,0,,,N
Greg Allen,Allen,Greg,HOU,of,0.500,XXX,0,,,N
Greg Garcia,Garcia,Greg,CIN,if,1.800,V,2018,Y-NBO,,Y
Greg Holland,Holland,Greg,BAL,p,8.250,V,2020,,,Y
Gregory Bird,Gregory,Bird,CHA,if,1.575,3rd,0,,,N
Gregory Deichmann,Deichmann,Gregory,HOU,if,0.500,XXX,0,,,N
Gregory Polanco,Gregory,Polanco,NYA,of,0.500,XXX,0,,,Y
Greyson Jenista,Jenista,Greyson,BAL,of,0.500,XXX,0,,,N
Griffin Canning,Canning,Griffin,ARI,p,0.500,XXX,0,,,N
Griffin Conine,Conine,Griffin,MIL,of,0.500,XXX,0,,,N
Guillermo Heredia,Heredia,Guillermo,KC,of,1.750,V,2019,,,Y
Hagen Danner,Danner,Hagen,MIL,c,0.500,XXX,0,,,N
Hanley Ramirez,Ramirez,Hanley,NYM,if,4.750,V,2019,,,Y
Hans Crouse,Crouse,Hans,KC,p,0.500,XXX,0,,,N
Hanser Alberto,Alberto,Hanser,TEX,if,1.331,V,2019,,,Y
Harold Ramirez,Ramirez,Harold,HOU,of,0.500,XXX,0,,,N
Harrison Bader,Bader,Harrison,TAM,of,0.500,1st,0,,,N
Harrison Musgrave,Musgrave,Harrison,NYA,p,0.500,XXX,0,,,N
Heath Hembree,Hembree,Heath,MIL,p,1.001,V,2019,Y,Y,Y
Heath Quinn,Quinn,Heath,PHI,of,0.500,XXX,0,,,N
Hector Neris,Neris,Hector,SD,p,3.166,V,2020,,,Y
Hector Noesi,Noesi,Hector,SD,p,0.500,1st,0,,,N
Hector Oliveira,Oliveira,Hector,BOS,if,5.000,V,2019,,,Y
Hector Perez,Perez,Hector,CHA,p,0.500,XXX,0,,,N
Hector Rondon,Rondon,Hector,DET,p,4.766,5th,0,,,Y
Hector Sanchez,Sanchez,Hector,CHA,c,1.000,MLI,2019,,,N
Hector Velazquez,Velazquez,Hector,STL,p,2.000,V,2019,Y,,Y
Heliot Ramos,Ramos,Heliot,OAK,of,0.500,XXX,0,,,N
Henry Owens,Owens,Henry,CLE,p,0.650,2nd,0,,,N
Hernan Perez,Perez,Hernan,PHI,if,1.000,V,2019,,Y,Y
Howie Kendrick,Kendrick,Howie,MIL,if,3.500,V,2019,,,Y
Hudson Potts,Potts,Hudson,ATL,if,0.500,XXX,0,,,N
Hunter Dozier,Dozier,Hunter,DET,if,0.500,XXX,0,,,N
Hunter Greene,Greene,Hunter,KC,p,0.500,XXX,0,,,N
Hunter Harvey,Harvey,Hunter,DET,p,0.500,XXX,0,,,N
Hunter Renfroe,Renfroe,Hunter,SEA,of,1.365,3rd,0,,,N
Hunter Strickland,Strickland,Hunter,SEA,p,4.000,V,2019,,,Y
Hyun Soo Kim,Kim,Hyun Soo,DET,of,7.500,V,2020,Y,,Y
Hyun-jin Ryu,Ryu,Hyun-jin,LAA,p,16.500,V,2020,,,Y
Ian Anderson,Anderson,Ian,MIN,p,0.500,XXX,0,,,N
Ian Clarkin,Clarkin,Ian,CLE,p,0.500,XXX,0,,,N
Ian Desmond,Desmond,Ian,DET,of,5.150,V,2020,,Y,Y
Ian Happ,Happ,Ian,MIN,of,0.500,XXX,0,,,Y
Ian Kinsler,Kinsler,Ian,SD,if,7.500,V,2019,Y,,Y
Ian Krol,Krol,Ian,STL,p,1.550,V,2020,Y,Y,Y
Ildemaro Vargas,Vargas,Ildemaro,LAN,if,2.960,V,2021,,Y,Y
Isaac Paredes,Paredes,Isaac,CHA,if,0.500,XXX,0,,,N
Isan Diaz,Diaz,Isan,KC,if,0.500,XXX,0,,,N
Ivan Nova,Nova,Ivan,ARI,p,8.595,CE,2019,,,Y
J.A. Happ,Happ,J.A.,PIT,p,6.036,5th,0,,,Y
J.B. Bukauskas,Bukauskas,J.B.,CHA,p,0.500,XXX,0,,,N
J.B. Wendelken,Wendelken,J.B.,TOR,p,5.300,V,2020,,Y,Y
J.D. Davis,Davis,J.D.,ATL,if,0.500,XXX,0,,,N
J.D. Martinez,Martinez,J.D.,WAS,of,17.291,CE,2019,,,Y
J.P. Crawford,Crawford,J.P.,DET,if,0.500,XXX,0,,,Y
J.T. Ginn,Ginn,J.T.,DET,p,0.500,XXX,0,,,N
J.T. Realmuto,Realmuto,J.T.,ARI,c,1.529,4th,0,,,Y
Jabari Blash,Blash,Jabari,CHA,of,1.000,MLI,2019,,,N
Jace Fry,Fry,Jace,HOU,p,2.700,V,2025,Y,Y,Y
Jace Peterson,Peterson,Jace,WAS,if,0.500,XXX,0,,,N
Jack Flaherty,Flaherty,Jack,ATL,p,0.500,XXX,0,,,Y
Jackie Bradley Jr.,Jackie,Bradley Jr.,NYM,of,10.731,CE,2021,,Y,Y
Jackson Kowar,Kowar,Jackson,TOR,p,0.500,XXX,0,,,N
Jacob Barnes,Barnes,Jacob,NYA,p,3.042,V,2020,Y,,Y
Jacob deGrom,Jacob,deGrom,SD,p,3.639,5th,0,,,Y
Jacob Faria,Faria,Jacob,COL,p,0.845,3rd,0,,,N
Jacob Gatewood,Gatewood,Jacob,STL,if,0.500,XXX,0,,,N
Jacob Gonzalez,Gonzalez,Jacob,MIL,if,0.500,XXX,0,,,N
Jacob Lindgren,Lindgren,Jacob,KC,p,0.500,1st,0,,,N
Jacob Nix,Nix,Jacob,KC,p,0.500,XXX,0,,,Y
Jacob Nottingham,Nottingham,Jacob,BOS,c,0.500,XXX,0,,,N
Jacob Petricka,Petricka,Jacob,CLE,p,0.845,3rd,0,,,N
Jacob Stallings,Stallings,Jacob,DET,c,1.000,V,2019,,,Y
Jacob Turner,Turner,Jacob,LAA,p,0.500,XXX,0,,,N
Jacoby Ellsbury,Ellsbury,Jacoby,WAS,of,1.350,V,2019,,Y,Y
JaCoby Jones,Jones,JaCoby,CIN,of,0.500,XXX,0,,,Y
Jahmai Jones,Jones,Jahmai,NYM,of,0.500,XXX,0,,,N
Jaime Barria,Barria,Jaime,BOS,p,0.500,XXX,0,,,Y
Jaime Schultz,Schultz,Jaime,LAA,p,0.500,XXX,0,,,N
Jairo Solis,Solis,Jairo,OAK,p,0.500,XXX,0,,,N
Jake Arrieta,Arrieta,Jake,OAK,p,5.353,5th,0,,,Y
Jake Barrett,Barrett,Jake,LAA,p,0.845,3rd,0,,,Y
Jake Bauers,Bauers,Jake,CHC,if,1.203,3rd,0,,,N
Jake Burger,Burger,Jake,NYM,if,0.500,XXX,0,,,N
Jake Cave,Cave,Jake,PHI,of,1.500,V,2020,Y,Y,Y
Jake Diekman,Diekman,Jake,PHI,p,5.000,V,2019,,,Y
Jake Eder,Eder,Jake,CLE,p,0.500,XXX,0,,,N
Jake Junis,Jake,Junis,MIA,p,0.500,XXX,0,,,Y
Jake Lamb,Lamb,Jake,LAN,if,0.845,3rd,0,,,Y
Jake Marisnick,Marisnick,Jake,BOS,of,0.500,1st,0,,,Y
Jake McCarthy,McCarthy,Jake,STL,of,0.500,XXX,0,,Y,N
Jake McGee,McGee,Jake,CHC,p,5.100,V,2019,Y,,Y
Jake Odorizzi,Odorizzi,Jake,LAN,p,2.073,4th,0,,,Y
Jake Thompson,Thompson,Jake,SEA,p,0.500,XXX,0,,,N
Jake Woodford,Woodford,Jake,DET,p,0.500,XXX,0,,,N
Jakson Reetz,Reetz,Jakson,WAS,c,0.500,XXX,0,,,N
Jalen Beeks,Beeks,Jalen,BOS,p,0.500,XXX,0,,,Y
Jalen Miller,Miller,Jalen,ATL,if,0.500,XXX,0,,,N
James Hoyt,Hoyt,James,TEX,p,2.050,V,2019,,,Y
James Kaprielian,Kaprielian,James,BAL,p,0.500,XXX,0,,,N
James McCann,McCann,James,MIL,c,0.845,3rd,0,,,N
James Paxton,Paxton,James,ARI,p,3.437,4th,0,,,Y
James Pazos,Pazos,James,MIL,p,1.876,V,2020,,,Y
Jameson Taillon,Jameson,Taillon,COL,p,0.975,3rd,0,,,Y
Jared Horn,Horn,Jared,CHC,p,0.500,XXX,0,,,N
Jared Hughes,Hughes,Jared,WAS,p,4.000,V,2020,Y,Y,Y
Jared Oliva,Oliva,Jared,COL,of,0.500,XXX,0,,,N
Jarred Cosart,Cosart,Jarred,BOS,p,0.845,3rd,0,,,N
Jarred Kelenic,Kelenic,Jarred,CLE,of,0.500,XXX,0,,,N
Jarrod Dyson,Dyson,Jarrod,NYA,of,6.000,V,2019,,,Y
Jason Castro,Castro,Jason,TAM,c,1.000,MLI,2019,,,N
Jason Heyward,Heyward,Jason,TAM,of,6.750,V,2020,Y,Y,Y
Jason Hursch,Hursch,Jason,SF,p,0.845,3rd,0,,,N
Jason Kipnis,Kipnis,Jason,SEA,if,3.750,V,2020,Y,Y,Y
Jason Krizan,Krizan,Jason,LAA,of,1.500,V,2019,,,Y
Jason Martin,Martin,Jason,LAN,of,0.500,XXX,0,,,N
Jasrado Chisholm,Chisholm,Jasrado,STL,if,0.500,XXX,0,,,N
Javier Baez,Baez,Javier,PIT,if,10.209,CE,2021,,Y,Y
Javier Guerra,Guerra,Javier,SD,if,0.500,XXX,0,,,N
Jay Bruce,Bruce,Jay,TEX,of,9.000,V,2020,Y-NBO,,Y
Jay Groome,Jay,Groome,OAK,p,0.500,XXX,0,,,N
Jayson Nix,Nix,Jayson,SD,if,0.676,3rd,0,,,N
Jean Segura,Segura,Jean,TOR,if,14.000,V,2022,,Y,Y
Jed Lowrie,Lowrie,Jed,TAM,if,9.500,V,2020,Y,Y,Y
Jedd Gyorko,Gyorko,Jedd,COL,if,6.967,6th,0,,,Y
Jeff Hoffman,Hoffman,Jeff,TAM,p,0.500,XXX,0,,,N
Jeff Locke,Locke,Jeff,CIN,p,1.050,2nd,0,,,N
Jeff McNeil,McNeil,Jeff,TOR,if,10.450,V,2020,,Y,Y
Jeimer Candelario,Candelario,Jeimer,LAN,if,0.845,3rd,0,,,Y
Jeisson Rosario,Rosario,Jeisson,ARI,of,0.500,XXX,0,,,N
Jerad Eickhoff,Eickhoff,Jerad,CIN,p,3.200,V,2019,,,Y
Jeremiah Jackson,Jackson,Jeremiah,TOR,if,0.500,XXX,0,,,N
Jeremy Eierman,Eierman,Jeremy,MIN,if,0.500,XXX,0,,,N
Jeremy Jeffress,Jeffress,Jeremy,OAK,p,3.250,V,2019,Y,,Y
Jerry Blevins,Blevins,Jerry,BAL,p,5.112,V,2019,,,Y
Jerry Sands,Sands,Jerry,WAS,of,0.600,2nd,0,,,N
Jesse Biddle,Biddle,Jesse,COL,p,0.500,XXX,0,,,N
Jesse Chavez,Chavez,Jesse,COL,p,2.750,V,2019,,,Y
Jesse Hahn,Hahn,Jesse,ATL,p,0.750,2nd,0,,,N
Jesse Winker,Winker,Jesse,MIA,of,1.659,4th,0,,,Y
Jesus Aguilar,Aguilar,Jesus,NYM,if,0.845,3rd,0,,,N
Jesus Luzardo,Luzardo,Jesus,MIL,p,0.500,XXX,0,,,Y
Jesus Sanchez,Sanchez,Jesus,TOR,of,0.500,XXX,0,,,N
Jesus Sucre,Sucre,Jesus,ARI,c,1.501,V,2020,Y,Y,Y
Jeter Downs,Downs,Jeter,MIN,if,0.500,XXX,0,,,N
Jeurys Familia,Familia,Jeurys,BOS,p,4.086,5th,0,,,Y
Jhailyn Ortiz,Ortiz,Jhailyn,SD,of,0.500,XXX,0,,,N
Jhang Jin-De,Jin-De,Jhang,NYA,c,0.650,2nd,0,,,N
Jharel Cotton,Cotton,Jharel,STL,p,0.500,XXX,0,,,N
Jhoan Duran,Duran,Jhoan,TOR,p,0.500,XXX,0,,,N
Jhoan Urena,Urena,Jhoan,MIN,of,0.650,2nd,0,,,N
Jhoulys Chacin,Chacin,Jhoulys,COL,p,8.976,V,2021,,Y,Y
Ji-Man Choi,Ji-Man,Choi,KC,if,1.002,V,2019,Y,Y,Y
Jimmie Sherfy,Sherfy,Jimmie,ATL,p,1.800,V,2020,,,Y
Jimmy Herget,Herget,Jimmy,SEA,p,0.500,XXX,0,,,N
Jimmy Nelson,Nelson,Jimmy,BOS,p,1.531,4th,0,,,Y
Jimmy Yacabonis,Yacabonis,Jimmy,SD,p,1.000,MLI,2019,,,Y
Jiovanni Mier,Mier,Jiovanni,CIN,if,0.650,2nd,0,,,N
Jo Adell,Jo,Adell,COL,of,0.500,XXX,0,,,N
Joakim Soria,Soria,Joakim,KC,p,3.663,V,2019,,,Y
Joc Pederson,Pederson,Joc,ARI,of,4.230,4th,0,,,Y
Joe Biagini,Biagini,Joe,TAM,p,0.500,XXX,0,,,N
Joe Jimenez,Jimenez,Joe,SEA,p,0.750,2nd,0,,,Y
Joe Kelly,Kelly,Joe,COL,p,4.914,CE,2019,,,Y
Joe Mauer,Mauer,Joe,WAS,if,1.000,V,2019,,Y,Y
Joe Musgrove,Musgrove,Joe,CHA,p,1.203,3rd,0,,,N
Joe Panik,Panik,Joe,MIA,if,7.680,5th,0,,,Y
Joe Rizzo,Rizzo,Joe,BAL,if,0.500,XXX,0,,,N
Joe Ross,Ross,Joe,HOU,p,0.845,3rd,0,,,Y
Joe Smith,Smith,Joe,CIN,p,6.250,V,2020,,Y,Y
Joe Wieland,Wieland,Joe,WAS,p,0.900,2nd,0,,,N
Joey Bart,Bart,Joey,BAL,c,0.500,XXX,0,,,N
Joey Gallo,Gallo,Joey,CHC,if,1.943,3rd,0,,,N
Joey Lucchesi,Lucchesi,Joey,TEX,p,0.500,XXX,0,,,Y
Joey Rickard,Rickard,Joey,SD,of,1.000,MLI,2019,,,N
Joey Terdoslavich,Terdoslavich,Joey,SEA,if,0.500,XXX,0,,,N
Joey Votto,Votto,Joey,TAM,if,18.000,V,2020,,,Y
Joey Wendle,Wendle,Joey,PIT,if,1.510,V,2019,,,Y
Joey Wentz,Wentz,Joey,BAL,p,0.500,XXX,0,,,N
Johan Camargo,Camargo,Johan,MIA,if,0.500,XXX,0,,,Y
John Brebbia,Brebbia,John,DET,p,2.850,V,2021,Y,Y,Y
John Ely,Ely,John,LAA,p,0.936,3rd,0,,,N
John Gant,Gant,John,MIN,p,0.650,2nd,0,,,Y
John Hicks,Hicks,John,DET,c,1.750,V,2019,,,Y
John Lackey,Lackey,John,NYA,p,8.500,V,2019,,,Y
John Nogowski,Nogowski,John,LAN,if,1.850,V,2019,Y,Y,Y
John Ryan Murphy,John Ryan,Murphy,MIN,c,0.750,2nd,0,,,Y
Johnny Cueto,Cueto,Johnny,NYA,p,32.000,V,2020,,,Y
Johnny Giavotella,Giavotella,Johnny,NYA,if,1.501,V,2019,Y,,Y
JoJo Romero,Romero,JoJo,COL,p,0.500,XXX,0,,,N
Jomar Reyes,Reyes,Jomar,DET,if,0.500,XXX,0,,,N
Jon Duplantier,Duplantier,Jon,COL,p,0.500,XXX,0,,,N
Jon Gray,Jon,Gray,TAM,p,1.050,2nd,0,,,Y
Jon Harris,Harris,Jon,CHC,p,0.500,XXX,0,,,Y
Jon Lester,Lester,Jon,NYA,p,32.000,V,2019,,,Y
Jon Singleton,Jon,Singleton,OAK,if,0.925,2nd,0,,,N
Jonathan Denney,Denney,Jonathan,HOU,c,0.500,XXX,0,,,N
Jonathan Holder,Holder,Jonathan,TOR,p,3.111,V,2023,,Y,Y
Jonathan India,India,Jonathan,LAA,if,0.500,XXX,0,,,N
Jonathan Loaisiga,Loaisiga,Jonathan,MIA,p,0.500,XXX,0,,,Y
Jonathan Lucroy,Lucroy,Jonathan,SEA,c,7.200,V,2019,,,Y
Jonathan Schoop,Jonathan,Schoop,SEA,if,2.876,5th,0,,,Y
Jonathan Villar,Villar,Jonathan,COL,if,3.566,5th,0,,,Y
Jonathon Crawford,Crawford,Jonathon,HOU,p,0.500,XXX,0,,,N
Jordan Groshans,Groshans,Jordan,CIN,if,0.500,XXX,0,,,N
Jordan Hicks,Hicks,Jordan,ATL,p,0.500,XXX,0,,,N
Jordan Humphreys,Humphreys,Jordan,PIT,p,0.500,XXX,0,,,N
Jordan Luplow,Luplow,Jordan,TAM,of,1.000,V,2019,,Y,Y
Jordan Montgomery,Montgomery,Jordan,BOS,p,0.650,2nd,0,,,Y
Jordan Patterson,Patterson,Jordan,NYA,of,0.650,2nd,0,,,N
Jordan Romano,Romano,Jordan,ARI,p,0.500,XXX,0,,,N
Jordan Sheffield,Sheffield,Jordan,ARI,p,0.500,XXX,0,,,N
Jordy Mercer,Mercer,Jordy,ATL,if,3.455,6th,0,,,Y
Jordyn Adams,Adams,Jordyn,TAM,of,0.500,XXX,0,,,N
Jorge Alcala,Alcala,Jorge,SEA,p,0.500,XXX,0,,,N
Jorge Alfaro,Alfaro,Jorge,CLE,c,0.845,3rd,0,,,N
Jorge Bonifacio,Bonifacio,Jorge,NYA,of,0.500,1st,0,,,Y
Jorge Guzman,Guzman,Jorge,CHC,p,0.500,XXX,0,,,N
Jorge Lopez,Lopez,Jorge,KC,p,0.500,XXX,0,,,N
Jorge Mateo,Mateo,Jorge,COL,if,0.500,1st,0,,,N
Jorge Polanco,Polanco,Jorge,HOU,if,0.650,1st,0,,,Y
Jorge Soler,Soler,Jorge,MIL,of,5.489,5th,0,,,Y
Jose Abreu,Abreu,Jose,SEA,if,22.500,V,2021,,Y,Y
Jose Adolis Garcia,Garcia,Jose Adolis,SD,of,0.500,XXX,0,,,N
Jose Albertos,Albertos,Jose,BAL,p,0.500,XXX,0,,,N
Jose Altuve,Altuve,Jose,COL,if,19.660,CE,2019,,,Y
Jose Alvarez,Alvarez,Jose,CHA,p,1.750,V,2019,Y,,Y
Jose Bautista,Bautista,Jose,NYM,of,1.000,V,2019,,,Y
Jose Berrios,Berrios,Jose,CHA,p,0.650,2nd,0,,,Y
Jose Campos,Jose,Campos,COL,p,0.500,XXX,0,,,N
Jose Castillo,Castillo,Jose,COL,p,0.500,XXX,0,,Y,Y
Jose de Leon,de Leon,Jose,TAM,p,0.500,XXX,0,,,N
Jose Devers,Devers,Jose,TOR,if,0.500,XXX,0,,,N
Jose Iglesias,Iglesias,Jose,PHI,if,4.739,5th,0,,,Y
Jose LeClerc,LeClerc,Jose,WAS,p,8.750,V,2021,Y,Y,Y
Jose Martinez,Martinez,Jose,OAK,if,9.500,V,2020,,Y,Y
Jose Osuna,Osuna,Jose,TAM,if,1.000,MLI,2019,,,Y
Jose Peraza,Peraza,Jose,TEX,if,0.650,2nd,0,,,Y
Jose Pirela,Pirela,Jose,STL,of,1.500,V,2020,,Y,Y
Jose Pujols,Pujols,Jose,STL,of,0.500,XXX,0,,,N
Jose Quintana,Quintana,Jose,SD,p,17.118,CE,2019,,,Y
Jose Ramirez,Ramirez,Jose,TEX,if,13.267,CE,2020,,,Y
Jose Reyes,Reyes,Jose,SEA,if,2.000,V,2019,Y,,Y
Jose Rondon,Rondon,Jose,LAN,if,0.500,XXX,0,,,N
Jose Siri,Siri,Jose,CLE,of,0.500,XXX,0,,,N
Jose Soriano,Soriano,Jose,HOU,p,0.500,XXX,0,,,N
Jose Suarez,Suarez,Jose,SEA,p,0.500,XXX,0,,,N
Jose Urena,Urena,Jose,SF,p,0.500,XXX,0,,,Y
Jose Vinicio,Vinicio,Jose,STL,if,0.500,XXX,0,,,N
Josh Bell,Bell,Josh,ARI,if,4.268,4th,0,,,Y
Josh Donaldson,Donaldson,Josh,ARI,if,29.600,V,2020,,,Y
Josh Fields,Josh,Fields,SEA,p,2.876,5th,0,,,Y
Josh Fuentes,Fuentes,Josh,HOU,if,2.400,V,2023,Y,Y,Y
Josh Hader,Hader,Josh,LAA,p,0.975,3rd,0,,,Y
Josh Harrison,Harrison,Josh,BOS,if,1.000,V,2019,,,Y
Josh Hart,Hart,Josh,ATL,of,0.500,XXX,0,,,N
Josh James,James,Josh,CIN,p,0.500,XXX,0,,,Y
Josh Morgan,Morgan,Josh,ARI,if,0.500,XXX,0,,,N
Josh Naylor,Naylor,Josh,TOR,if,0.500,XXX,0,,,N
Josh Ockimey,Ockimey,Josh,BAL,if,0.500,XXX,0,,,N
Josh Phegley,Phegley,Josh,PHI,c,0.845,3rd,0,,,N
Josh Reddick,Reddick,Josh,HOU,of,9.138,CE,2020,,,Y
Josh Sborz,Sborz,Josh,MIL,p,0.500,XXX,0,,,Y
Josh Smoker,Smoker,Josh,LAN,p,1.876,V,2019,,,Y
Josh Staumont,Staumont,Josh,NYM,p,0.500,XXX,0,,,Y
Josh Tomlin,Tomlin,Josh,CIN,p,3.700,V,2019,Y,,Y
Joshua Lowe,Lowe,Joshua,NYM,of,0.500,XXX,0,,,N
JT Chargois,JT,Chargois,CHA,p,1.000,MLI,2019,,,N
JT Riddle,JT,Riddle,CLE,if,2.510,V,2021,Y,Y,Y
Juan Centeno,Centeno,Juan,TEX,c,1.660,V,2019,Y,,Y
Juan De Leon,De Leon,Juan,MIA,of,0.500,XXX,0,,,N
Juan Hillman,Hillman,Juan,TAM,p,0.500,XXX,0,,,N
Juan Lagares,Lagares,Juan,ARI,of,2.384,5th,0,,,Y
Juan Minaya,Minaya,Juan,PHI,p,2.000,V,2021,,Y,Y
Juan Nicasio,Nicasio,Juan,NYM,p,7.500,V,2019,,,Y
Juan Soto,Soto,Juan,ATL,of,0.500,XXX,0,,,Y
Julio Pablo Martinez,Martinez,Julio Pablo,NYA,of,0.500,XXX,0,,Y,N
Julio Teheran,Teheran,Julio,BOS,p,11.000,V,2023,,Y,Y
Julio Urias,Urias,Julio,LAA,p,1.575,3rd,0,,,N
Jumbo Diaz,Diaz,Jumbo,BAL,p,1.000,V,2019,,,Y
Jung Ho Kang,Jung Ho,Kang,SD,if,14.502,V,2020,,,Y
Junior Fernandez,Fernandez,Junior,PHI,p,0.500,XXX,0,,,N
Junior Guerra,Guerra,Junior,TOR,p,1.500,V,2019,,,Y
Jurickson Profar,Profar,Jurickson,ATL,if,2.245,4th,0,,,Y
Justin Bour,Bour,Justin,KC,if,6.666,V,2019,,,Y
Justin Dunn,Dunn,Justin,CHA,p,0.500,XXX,0,,,N
Justin Hooper,Hooper,Justin,NYA,p,0.500,XXX,0,,,N
Justin Maese,Maese,Justin,MIL,p,0.500,XXX,0,,,N
Justin Nicolino,Nicolino,Justin,ATL,p,0.500,1st,0,,,N
Justin O'Conner,O'Conner,Justin,KC,c,0.500,1st,0,,,N
Justin Smoak,Smoak,Justin,LAA,if,5.378,CE,2020,,,Y
Justin Turner,Turner,Justin,PIT,if,6.666,V,2019,,,Y
Justin Upton,Upton,Justin,LAA,of,18.500,V,2021,,,Y
Justin Verlander,Verlander,Justin,CHA,p,35.000,V,2019,,,Y
Justin Williams,Williams,Justin,PIT,of,0.500,XXX,0,,,N
Justin Wilson,Wilson,Justin,PHI,p,4.000,V,2020,,Y,Y
Justus Sheffield,Sheffield,Justus,CHA,p,0.500,XXX,0,,,N
K.J. Harrison,Harrison,K.J.,BAL,c,0.500,XXX,0,,,N
Kaleb Cowart,Cowart,Kaleb,OAK,if,0.500,XXX,0,,,Y
Kameron Guangorena,Guangorena,Kameron,MIL,c,0.500,XXX,0,,,N
Karsten Whitson,Whitson,Karsten,SD,p,0.500,XXX,0,,,N
Kazuhisa Makita,Makita,Kazuhisa,STL,p,2.000,V,2019,Y,Y,Y
Ke'Bryan Hayes,Hayes,Ke'Bryan,NYM,if,0.500,XXX,0,,,N
Kean Wong,Wong,Kean,LAN,if,0.500,XXX,0,,,N
Keegan Akin,Akin,Keegan,TOR,p,0.500,XXX,0,,,N
Keegan Thompson,Thompson,Keegan,BAL,p,0.500,XXX,0,,,N
Keibert Ruiz,Ruiz,Keibert,CIN,c,0.500,XXX,0,,,Y
Kelby Tomlinson,Tomlinson,Kelby,LAN,if,1.543,V,2019,,,Y
Kelvin Herrera,Herrera,Kelvin,NYA,p,4.511,CE,2019,,,Y
Ken Giles,Giles,Ken,PIT,p,2.386,5th,0,,,Y
Kendall Graveman,Graveman,Kendall,ATL,p,0.845,3rd,0,,,N
Kendrys Morales,Morales,Kendrys,NYA,if,1.000,MLI,2019,,,N
Kenley Jansen,Jansen,Kenley,NYM,p,13.500,V,2021,,Y,Y
Kennys Vargas,Vargas,Kennys,BOS,if,0.500,1st,0,,,N
Kenta Maeda,Maeda,Kenta,TEX,p,20.000,V,2020,,,Y
Keon Broxton,Broxton,Keon,CLE,of,3.000,V,2020,Y,Y,Y
Keone Kela,Kela,Keone,PIT,p,3.855,4th,0,,,Y
Keston Hiura,Hiura,Keston,CHC,if,0.500,XXX,0,,,N
Ketel Marte,Marte,Ketel,NYA,if,0.845,3rd,0,,,Y
Keury Mella,Mella,Keury,CHC,p,0.500,XXX,0,,,Y
Kevan Smith,Smith,Kevan,KC,c,1.100,V,2019,,,Y
Kevin Cron,Cron,Kevin,HOU,if,2.400,V,2023,Y,Y,Y
Kevin Gausman,Gausman,Kevin,OAK,p,5.103,5th,0,,,Y
Kevin Gowdy,Gowdy,Kevin,BAL,p,0.500,XXX,0,,,N
Kevin Kiermaier,Kiermaier,Kevin,TAM,of,11.018,CE,2021,,Y,Y
Kevin Kramer,Kramer,Kevin,MIA,if,0.500,XXX,0,,,N
Kevin Maitan,Maitan,Kevin,PHI,if,0.500,XXX,0,,,N
Kevin Newman,Newman,Kevin,MIL,if,0.500,XXX,0,,,Y
Kevin Padlo,Padlo,Kevin,PIT,if,0.500,XXX,0,,,N
Kevin Pillar,Pillar,Kevin,TOR,of,13.431,V,2020,Y,,Y
Kevin Plawecki,Plawecki,Kevin,COL,c,0.845,3rd,0,,,Y
Kevin Shackelford,Shackelford,Kevin,PHI,p,1.000,MLI,2019,,,N
Kevin Smith,Kevin,Smith,MIL,if,0.500,XXX,0,,,N
Keyvius Sampson,Sampson,Keyvius,BOS,p,0.500,1st,0,,,N
Khalil Lee,Lee,Khalil,SF,of,0.500,XXX,0,,,N
Khris Davis,Davis,Khris,CHA,of,18.250,V,2019,Y,,Y
Kike Hernandez,Kike,Hernandez,TEX,of,2.709,5th,0,,,Y
Kirby Yates,Yates,Kirby,TOR,p,1.799,V,2020,,,Y
Kodi Medeiros,Medeiros,Kodi,NYM,p,0.500,XXX,0,,,N
Kody Clemens,Clemens,Kody,BOS,if,0.500,XXX,0,,,N
Kohl Stewart,Stewart,Kohl,MIA,p,0.500,XXX,0,,,N
Kolby Allard,Allard,Kolby,SF,p,0.500,XXX,0,,,N
Kole Calhoun,Calhoun,Kole,STL,of,16.000,V,2019,,,Y
Kolten Wong,Wong,Kolten,OAK,if,11.500,V,2021,,Y,Y
Kris Bryant,Bryant,Kris,BAL,if,4.380,4th,0,,,Y
Kris Bubic,Bubic,Kris,DET,p,0.500,XXX,0,,Y,N
Kristian Robinson,Robinson,Kristian,KC,of,0.500,XXX,0,,Y,N
Kumar Rocker,Rocker,Kumar,LAN,p,0.500,XXX,0,,,N
Kurt Suzuki,Suzuki,Kurt,SD,c,1.202,V,2019,,,Y
Kyle Barraclough,Barraclough,Kyle,PIT,p,0.845,3rd,0,,,Y
Kyle Cody,Cody,Kyle,OAK,p,0.500,XXX,0,,,N
Kyle Crick,Crick,Kyle,CIN,p,0.845,3rd,0,,,Y
Kyle Crockett,Crockett,Kyle,NYM,p,1.800,V,2021,Y,Y,Y
Kyle Freeland,Freeland,Kyle,BAL,p,0.650,2nd,0,,,Y
Kyle Funkhouser,Funkhouser,Kyle,OAK,p,0.500,XXX,0,,,N
Kyle Gibson,Gibson,Kyle,MIN,p,1.529,4th,0,,,Y
Kyle Hendricks,Hendricks,Kyle,SD,p,7.852,5th,0,,,Y
Kyle Holder,Holder,Kyle,ATL,if,0.500,XXX,0,,,N
Kyle Kubitza,Kubitza,Kyle,MIN,of,0.650,2nd,0,,,N
Kyle Lewis,Lewis,Kyle,NYM,of,0.500,XXX,0,,,N
Kyle Muller,Muller,Kyle,MIA,p,0.500,XXX,0,,,N
Kyle Parker,Parker,Kyle,WAS,of,0.650,2nd,0,,,N
Kyle Schwarber,Schwarber,Kyle,CLE,of,3.437,4th,0,,,Y
Kyle Seager,Seager,Kyle,DET,if,12.750,V,2021,Y,Y,Y
Kyle Smith,Smith,Kyle,CIN,p,0.500,XXX,0,,,N
Kyle Tucker,Tucker,Kyle,LAA,of,0.500,1st,0,,,Y
Kyle Waldrop,Waldrop,Kyle,LAN,of,0.500,XXX,0,,,N
Kyle Wright,Wright,Kyle,PHI,p,0.500,XXX,0,,,N
Kyle Zimmer,Zimmer,Kyle,OAK,p,0.500,XXX,0,,,N
Kyler Murray,Murray,Kyler,STL,of,0.500,XXX,0,,,N
Lamonte Wade,Wade,Lamonte,STL,of,0.500,XXX,0,,,N
Lance Lynn,Lynn,Lance,TEX,p,12.025,CE,2019,,,Y
Lance McCullers,McCullers,Lance,NYM,p,1.388,3rd,0,,,N
Lazaro Armenteros,Armenteros,Lazaro,TAM,of,0.500,XXX,0,,,N
Lenny Torres Jr.,Lenny,Torres Jr.,BAL,p,0.500,XXX,0,,,N
Leody Taveras,Taveras,Leody,LAN,of,0.500,XXX,0,,,N
Leonys Martin,Martin,Leonys,COL,of,3.279,V,2020,Y,Y,Y
Leury Garcia,Garcia,Leury,SD,of,2.500,V,2019,,,Y
Levi Michael,Michael,Levi,CLE,if,0.500,XXX,0,,,N
Lewin Diaz,Diaz,Lewin,MIN,if,0.500,XXX,0,,,N
Lewis Brinson,Brinson,Lewis,BAL,of,0.500,1st,0,,,N
Lewis Thorpe,Thorpe,Lewis,ARI,p,0.500,XXX,0,,,N
Liam Hendriks,Hendriks,Liam,CHA,p,4.107,5th,0,,,Y
Liam Sabino,Sabino,Liam,HOU,if,0.500,XXX,0,,,N
Logan Allen,Allen,Logan,MIA,p,0.500,XXX,0,,,N
Logan Forsythe,Forsythe,Logan,ARI,if,1.750,V,2020,Y,Y,Y
Logan Gilbert,Gilbert,Logan,LAN,p,0.500,XXX,0,,,N
Logan Morrison,Morrison,Logan,BAL,if,19.000,V,2019,,,Y
Logan Shore,Shore,Logan,MIL,p,0.500,XXX,0,,,Y
Logan Warmoth,Warmoth,Logan,DET,if,0.500,XXX,0,,,N
Lolo Sanchez,Sanchez,Lolo,NYM,of,0.500,XXX,0,,,N
Lonnie Chisenhall,Chisenhall,Lonnie,COL,of,1.000,V,2019,,,Y
Lorenzo Cain,Cain,Lorenzo,BOS,of,28.000,V,2021,,Y,Y
Lou Trivino,Trivino,Lou,TAM,p,5.750,V,2021,Y,Y,Y
Lourdes Gurriel,Lourdes,Gurriel,PIT,if,0.500,XXX,0,,Y,N
Lucas Duda,Duda,Lucas,CLE,if,18.000,V,2019,,,Y
Lucas Erceg,Erceg,Lucas,CHC,if,0.500,XXX,0,,,N
Lucas Giolito,Giolito,Lucas,PIT,p,0.845,3rd,0,,,N
Lucas Sims,Lucas,Sims,STL,p,0.500,XXX,0,,,N
Lucius Fox,Fox,Lucius,ARI,if,0.500,XXX,0,,,N
Luis (05/16/00) Garcia,Garcia,Luis (05/16/00),KC,if,0.500,XXX,0,,,N
Luis Alejandro Basabe,Luis Alejandro,Basabe,HOU,if,0.500,XXX,0,,,N
Luis Alexander Basabe,Luis Alexander,Basabe,COL,of,0.500,XXX,0,,,N
Luis Avilan,Luis,Avilan,LAN,p,2.660,V,2019,Y,Y,Y
Luis Castillo,Castillo,Luis,COL,p,0.650,2nd,0,,,N
Luis Garcia,Garcia,Luis,CLE,if,0.500,XXX,0,,Y,N
Luis Garcia,Garcia,Luis,CLE,p,1.750,V,2019,Y,,Y
Luis Medina,Medina,Luis,KC,p,0.500,XXX,0,,,N
Luis Ortiz,Ortiz,Luis,OAK,p,0.500,XXX,0,,,N
Luis Oviedo,Oviedo,Luis,CIN,p,0.500,XXX,0,,,N
Luis Patino,Patino,Luis,TOR,p,0.500,XXX,0,,Y,N
Luis Rengifo,Rengifo,Luis,COL,if,0.500,XXX,0,,,N
Luis Robert,Robert,Luis,ATL,of,0.500,XXX,0,,Y,N
Luis Severino,Severino,Luis,SD,p,1.365,3rd,0,,,Y
Luis Urias,Urias,Luis,LAA,if,0.500,XXX,0,,,Y
Luiz Gohara,Gohara,Luiz,LAN,p,0.925,2nd,0,,,Y
Luke Gregerson,Gregerson,Luke,KC,p,1.500,V,2020,,Y,Y
Luke Jackson,Jackson,Luke,MIA,p,1.050,2nd,0,,,Y
Luke Voit,Voit,Luke,SD,if,2.750,V,2022,Y,,Y
Luke Weaver,Weaver,Luke,BAL,p,0.750,2nd,0,,,Y
Luken Baker,Baker,Luken,BOS,if,0.500,XXX,0,,,N
Lyon Richardson,Richardson,Lyon,PIT,p,0.500,XXX,0,,,N
Mac Williamson,Williamson,Mac,PHI,of,0.500,1st,0,,,N
MacKenzie Gore,Gore,MacKenzie,BAL,p,0.500,XXX,0,,,N
Madison Bumgarner,Bumgarner,Madison,HOU,p,31.681,V,2023,,,Y
Magneuris Sierra,Sierra,Magneuris,ARI,of,0.500,XXX,0,,,N
Maikel Franco,Franco,Maikel,WAS,if,4.407,5th,0,,,Y
Mallex Smith,Smith,Mallex,LAN,of,0.750,2nd,0,,,N
Manny Machado,Machado,Manny,COL,if,13.994,CE,2019,,,Y
Manny Pina,Pina,Manny,PHI,c,1.500,V,2018,Y,,Y
Manuel Banuelos,Banuelos,Manuel,SD,p,0.845,3rd,0,,,N
Manuel Margot,Margot,Manuel,DET,of,1.050,2nd,0,,,Y
Marc Rzepczynski,Marc,Rzepczynski,CLE,p,1.500,V,2019,,,Y
Marcell Ozuna,Ozuna,Marcell,PIT,of,3.917,5th,0,,,Y
Marco Estrada,Estrada,Marco,DET,p,17.500,V,2019,Y,,Y
Marco Gonzales,Gonzales,Marco,DET,p,0.900,2nd,0,,,Y
Marcos Diplan,Diplan,Marcos,TAM,p,0.500,XXX,0,,,N
Marcus Semien,Semien,Marcus,MIN,if,3.801,6th,0,,,Y
Marcus Stroman,Stroman,Marcus,CHA,p,11.056,CE,2020,,,Y
Marcus Wilson,Wilson,Marcus,CHC,of,0.500,XXX,0,,,Y
Mark Appel,Appel,Mark,PIT,p,0.500,XXX,0,,,N
Mark Canha,Canha,Mark,ARI,of,1.771,V,2019,Y,,Y
Mark Melancon,Melancon,Mark,SD,p,7.007,V,2019,,,Y
Mark Reynolds,Reynolds,Mark,MIN,if,1.620,V,2019,,,Y
Mark Trumbo,Trumbo,Mark,SEA,if,5.000,V,2019,Y,,Y
Mark Vientos,Vientos,Mark,KC,if,0.500,XXX,0,,,N
Mark Zagunis,Zagunis,Mark,SD,of,0.500,1st,0,,,N
Martin Maldonado,Maldonado,Martin,MIN,c,1.800,V,2019,,,Y
Martin Perez,Perez,Martin,LAA,p,1.575,3rd,0,,,Y
Marwin Gonzalez,Gonzalez,Marwin,WAS,if,15.000,V,2021,Y,,Y
Masahiro Tanaka,Tanaka,Masahiro,LAA,p,29.000,V,2020,,,Y
Mason Denaburg,Denaburg,Mason,BAL,p,0.500,XXX,0,,,N
Mason Thompson,Thompson,Mason,MIL,p,0.500,XXX,0,,,N
Mason Williams,Williams,Mason,SF,of,0.845,3rd,0,,,Y
Matt Adams,Adams,Matt,PIT,if,1.856,4th,0,,,Y
Matt Albers,Albers,Matt,BOS,p,1.000,MLI,2019,,,Y
Matt Andriese,Andriese,Matt,NYM,p,5.991,6th,0,,,Y
Matt Barnes,Barnes,Matt,TOR,p,0.650,2nd,0,,,Y
Matt Boyd,Boyd,Matt,ATL,p,0.500,XXX,0,,,N
Matt Bush,Bush,Matt,CIN,p,4.200,V,2019,Y,,Y
Matt Carpenter,Carpenter,Matt,PIT,if,8.760,CE,2019,,,Y
Matt Chapman,Chapman,Matt,NYA,if,0.500,XXX,0,,,Y
Matt Crohan,Crohan,Matt,OAK,p,0.500,XXX,0,,,N
Matt Davidson,Davidson,Matt,LAA,if,0.650,2nd,0,,,N
Matt Grace,Grace,Matt,MIN,p,1.350,V,2019,,,Y
Matt Hall,Hall,Matt,PIT,p,0.500,XXX,0,,,N
Matt Harvey,Harvey,Matt,ATL,p,3.000,V,2020,Y,,Y
Matt Holliday,Holliday,Matt,BOS,of,1.000,V,2019,,,Y
Matt Kemp,Kemp,Matt,DET,of,12.000,V,2020,,Y,Y
Matt Krook,Krook,Matt,BAL,p,0.500,XXX,0,,,N
Matt M. Duffy,Matt M.,Duffy,MIA,if,2.375,4th,0,,,Y
Matt Manning,Manning,Matt,LAA,p,0.500,XXX,0,,,N
Matt McLain,McLain,Matt,CHA,if,0.500,XXX,0,,,N
Matt Moore,Moore,Matt,HOU,p,6.939,CE,2019,,,Y
Matt Olson,Olson,Matt,SF,if,0.925,2nd,0,,,Y
Matt Reynolds,Reynolds,Matt,CHC,if,1.000,V,2019,,,Y
Matt Sauer,Sauer,Matt,NYA,p,0.500,XXX,0,,,N
Matt Shoemaker,Shoemaker,Matt,PHI,p,4.000,V,2020,,,Y
Matt Skole,Matt,Skole,HOU,if,0.845,3rd,0,,,N
Matt Strahm,Strahm,Matt,CHA,p,0.650,2nd,0,,,Y
Matt Tabor,Tabor,Matt,ARI,p,0.500,XXX,0,,,N
Matt Thaiss,Thaiss,Matt,HOU,c,0.500,XXX,0,,,N
Matt Wieters,Wieters,Matt,CLE,c,1.500,V,2019,Y,Y,Y
Matt Wisler,Wisler,Matt,MIA,p,0.500,XXX,0,,,N
Matthew Bowman,Matthew,Bowman,TEX,p,4.500,V,2021,,,Y
Matthew Joyce,Matthew,Joyce,BAL,of,1.000,V,2019,,,Y
Matthew Liberatore,Liberatore,Matthew,COL,p,0.500,XXX,0,,,N
Matthew Szczur,Szczur,Matthew,WAS,of,0.650,2nd,0,,,N
Mauricio Cabrera,Cabrera,Mauricio,PIT,p,0.845,3rd,0,,,N
Mauricio Dubon,Dubon,Mauricio,CLE,if,0.650,2nd,0,,,N
Max Fried,Fried,Max,OAK,p,0.500,XXX,0,,,N
Max Kepler,Kepler,Max,CHA,of,1.365,3rd,0,,,N
Max Muncy,Muncy,Max,CHC,if,17.000,V,2022,,Y,Y
Max Pentecost,Pentecost,Max,TAM,c,0.500,XXX,0,,,N
Max Scherzer,Scherzer,Max,ATL,p,28.000,V,2019,,,Y
Max Schrock,Schrock,Max,HOU,if,0.500,XXX,0,,,N
Max Stassi,Stassi,Max,OAK,c,0.845,3rd,0,,,Y
Merandy Gonzalez,Gonzalez,Merandy,MIA,p,0.500,1st,0,,,N
Merrill Kelly,Kelly,Merrill,ARI,p,5.250,V,2020,Y,Y,Y
Michael A. Taylor,Taylor,Michael A.,OAK,of,0.650,2nd,0,,,Y
Michael Brantley,Brantley,Michael,CIN,of,12.765,V,2020,,,Y
Michael Chavis,Chavis,Michael,TEX,if,0.500,XXX,0,,,N
Michael Choice,Choice,Michael,LAA,of,1.300,3rd,0,,,N
Michael Clevinger,Michael,Clevinger,LAN,p,0.650,2nd,0,,,Y
Michael Conforto,Conforto,Michael,CHA,of,4.455,4th,0,,,Y
Michael Feliz,Feliz,Michael,ARI,p,1.050,2nd,0,,,N
Michael Fulmer,Fulmer,Michael,BAL,p,0.650,2nd,0,,,Y
Michael Gettys,Gettys,Michael,TAM,of,0.500,XXX,0,,,N
Michael Kickham,Kickham,Michael,CIN,p,0.845,3rd,0,,,Y
Michael Kopech,Kopech,Michael,CIN,p,0.500,XXX,0,,,Y
Michael Lorenzen,Lorenzen,Michael,DET,p,1.203,3rd,0,,,Y
Michael Matuella,Matuella,Michael,TAM,p,0.500,XXX,0,,,N
Michael Mercado,Mercado,Michael,TOR,p,0.500,XXX,0,,,N
Michael Perez,Perez,Michael,STL,c,1.800,V,2021,Y,Y,Y
Michael Pineda,Pineda,Michael,MIL,p,16.789,V,2021,Y,,Y
Michael Reed,Reed,Michael,MIA,of,0.500,XXX,0,,,N
Michael Saunders,Saunders,Michael,MIL,of,1.001,V,2019,,Y,Y
Michael Wacha,Michael,Wacha,CLE,p,6.006,6th,0,,Y,Y
Michel Baez,Baez,Michel,BAL,p,0.500,XXX,0,,,N
Micker Adolfo,Adolfo,Micker,TOR,of,0.500,XXX,0,,,N
Mickey Moniak,Moniak,Mickey,CHA,of,0.500,XXX,0,,,N
Miguel Almonte,Almonte,Miguel,HOU,p,0.500,XXX,0,,,N
Miguel Amaya,Amaya,Miguel,ARI,c,0.500,XXX,0,,,N
Miguel Andujar,Andujar,Miguel,TEX,if,0.500,1st,0,,,Y
Miguel Cabrera,Cabrera,Miguel,OAK,if,21.000,V,2019,,,Y
Miguel Castro,Castro,Miguel,MIA,p,0.500,1st,0,,,N
Miguel Montero,Montero,Miguel,COL,c,1.000,V,2019,,Y,Y
Miguel Rojas,Rojas,Miguel,NYA,if,4.000,V,2020,Y,Y,Y
Miguel Sano,Sano,Miguel,CHA,if,4.071,4th,0,,,Y
Miguel Socolovich,Socolovich,Miguel,STL,p,2.500,V,2019,Y,Y,Y
Miguel Vargas,Vargas,Miguel,BOS,if,0.500,XXX,0,,Y,N
Miguelangel Sierra,Sierra,Miguelangel,CLE,if,0.500,XXX,0,,,N
Mike Fiers,Mike,Fiers,DET,p,4.385,6th,0,,,Y
Mike Foltynewicz,Foltynewicz,Mike,SEA,p,0.500,XXX,0,,,Y
Mike Ford,Ford,Mike,CLE,if,4.002,V,2020,,,Y
Mike Leake,Leake,Mike,TOR,p,5.850,V,2019,,,Y
Mike Minor,Minor,Mike,STL,p,9.000,V,2019,Y,,Y
Mike Montgomery,Montgomery,Mike,TOR,p,0.845,3rd,0,,,Y
Mike Moustakas,Moustakas,Mike,CLE,if,6.302,CE,2019,,,Y
Mike Nikorak,Nikorak,Mike,KC,p,0.500,XXX,0,,,N
Mike Soroka,Soroka,Mike,MIN,p,0.500,XXX,0,,,Y
Mike Tauchman,Tauchman,Mike,LAN,of,3.850,V,2019,Y,,Y
Mike Trout,Trout,Mike,MIA,of,55.000,V,2025,Y,Y,Y
Mike Zagurski,Zagurski,Mike,OAK,p,1.000,V,2019,,,Y
Mike Zunino,Zunino,Mike,OAK,c,0.650,2nd,0,,,N
Mikie Mahtook,Mahtook,Mikie,CIN,of,0.650,2nd,0,,,Y
Miles Mikolas,Mikolas,Miles,SF,p,5.130,V,2020,,,Y
Mitch Garver,Garver,Mitch,TAM,c,2.250,V,2019,Y,,Y
Mitch Haniger,Haniger,Mitch,KC,of,4.550,V,2019,Y,,Y
Mitch Keller,Keller,Mitch,ARI,p,0.500,XXX,0,,,N
Mitch Moreland,Moreland,Mitch,TEX,if,2.000,V,2019,,,Y
Mitchell White,Mitchell,White,SEA,p,0.500,XXX,0,,,N
MJ Melendez,MJ,Melendez,NYM,c,0.500,XXX,0,,,N
Moises Sierra,Sierra,Moises,STL,of,1.388,3rd,0,,,N
Monte Harrison,Harrison,Monte,COL,of,0.500,XXX,0,,,N
Mookie Betts,Betts,Mookie,ATL,of,8.940,5th,0,,,Y
Mychal Givens,Givens,Mychal,DET,p,1.825,4th,0,,,Y
Myles Straw,Straw,Myles,PIT,of,0.500,XXX,0,,,Y
Nander De Sedas,De Sedas,Nander,BAL,if,0.500,XXX,0,,,N
Nate Jones,Jones,Nate,ARI,p,3.150,V,2019,Y,,Y
Nate Karns,Karns,Nate,TEX,p,0.845,3rd,0,,,N
Nate Kirby,Kirby,Nate,ARI,p,0.500,XXX,0,,,N
Nate Orf,Nate,Orf,PHI,if,0.650,2nd,0,,,Y
Nate Pearson,Pearson,Nate,TOR,p,0.500,XXX,0,,,N
Nathan Eovaldi,Nathan,Eovaldi,CIN,p,8.000,V,2021,Y,,Y
Nathaniel Lowe,Nathaniel,Lowe,PIT,if,0.500,XXX,0,,,N
Neil Walker,Walker,Neil,KC,if,12.000,V,2020,,,Y
Nelson Cruz,Cruz,Nelson,WAS,of,19.000,V,2019,Y,,Y
Nicholas Castellanos,Nicholas,Castellanos,PHI,of,6.065,5th,0,,,Y
Nicholas Tropeano,Tropeano,Nicholas,TOR,p,0.650,2nd,0,,,N
Nick Ahmed,Ahmed,Nick,ARI,if,2.950,V,2019,,,Y
Nick Allen,Allen,Nick,PIT,if,0.500,XXX,0,,,N
Nick Banks,Banks,Nick,CHC,of,0.500,XXX,0,,,N
Nick Burdi,Burdi,Nick,COL,p,0.500,XXX,0,,,N
Nick Ciuffo,Ciuffo,Nick,ATL,c,0.500,XXX,0,,,N
Nick Delmonico,Delmonico,Nick,NYA,of,1.203,3rd,0,,,N
Nick Franklin,Franklin,Nick,BOS,if,1.659,4th,0,,,Y
Nick Gardewine,Gardewine,Nick,SF,p,1.650,V,2020,Y,Y,Y
Nick Goody,Goody,Nick,TOR,p,1.999,V,2020,,,Y
Nick Gordon,Gordon,Nick,HOU,if,0.500,XXX,0,,,N
Nick Howard,Howard,Nick,WAS,p,0.500,XXX,0,,,N
Nick Kingham,Kingham,Nick,NYM,p,0.500,1st,0,,,N
Nick Lodolo,Lodolo,Nick,TOR,p,0.500,XXX,0,,,N
Nick Longhi,Longhi,Nick,DET,of,0.500,XXX,0,,,N
Nick Madrigal,Madrigal,Nick,COL,if,0.500,XXX,0,,,N
Nick Markakis,Markakis,Nick,SD,of,4.000,V,2020,,Y,Y
Nick Martini,Martini,Nick,KC,of,1.000,MLI,2019,,,Y
Nick Neidert,Neidert,Nick,LAN,p,0.500,XXX,0,,,N
Nick Pivetta,Pivetta,Nick,TAM,p,0.500,XXX,0,,,N
Nick Plummer,Plummer,Nick,OAK,of,0.500,XXX,0,,,N
Nick Pratto,Pratto,Nick,NYA,if,0.500,XXX,0,,,N
Nick Schnell,Schnell,Nick,MIN,of,0.500,XXX,0,,,N
Nick Senzel,Senzel,Nick,PHI,if,0.500,XXX,0,,,Y
Nick Solak,Solak,Nick,COL,if,0.500,XXX,0,,,N
Nick Travieso,Travieso,Nick,CLE,p,0.500,XXX,0,,,N
Nick Vincent,Vincent,Nick,CLE,p,1.991,V,2019,,,Y
Nick Williams,Williams,Nick,NYM,of,0.500,XXX,0,,,N
Nicky Lopez,Lopez,Nicky,MIL,if,0.650,2nd,0,,,Y
Nico Hoerner,Hoerner,Nico,MIA,if,0.500,XXX,0,,,N
Noah Naylor,Naylor,Noah,TAM,c,0.500,XXX,0,,,N
Noah Syndergaard,Syndergaard,Noah,CLE,p,4.737,5th,0,,,Y
Noel Cuevas,Cuevas,Noel,DET,of,1.000,V,2019,,,Y
Nolan Arenado,Arenado,Nolan,BOS,if,13.903,CE,2020,,,Y
Nolan Fontana,Fontana,Nolan,CLE,if,0.500,XXX,0,,,N
Nolan Gorman,Gorman,Nolan,TOR,if,0.500,XXX,0,,,N
Nolan Jones,Jones,Nolan,CLE,if,0.500,XXX,0,,,N
Nomar Mazara,Mazara,Nomar,HOU,of,1.203,3rd,0,,,Y
Odubel Herrera,Herrera,Odubel,WAS,of,1.388,3rd,0,,,Y
Oliver Drake,Drake,Oliver,ARI,p,1.501,V,2020,Y,Y,Y
Oliver Perez,Perez,Oliver,CHA,p,4.000,V,2020,,Y,Y
Omar Narvaez,Narvaez,Omar,SF,c,1.010,V,2019,,,Y
Oneil Cruz,Cruz,Oneil,ARI,if,0.500,XXX,0,,,N
Orlando Arcia,Arcia,Orlando,KC,if,0.750,2nd,0,,,Y
Orlando Calixte,Calixte,Orlando,CHC,if,1.000,V,2019,,,Y
Oscar de la Cruz,de la Cruz,Oscar,PIT,p,0.500,XXX,0,,,N
Oscar Mercado,Mercado,Oscar,STL,of,0.500,XXX,0,,,N
Owen White,White,Owen,OAK,p,0.500,XXX,0,,,N
Ozzie Albies,Ozzie,Albies,NYM,if,1.050,2nd,0,,,N
Pablo Lopez,Lopez,Pablo,MIA,p,0.500,XXX,0,,,Y
Pablo Sandoval,Sandoval,Pablo,SEA,if,3.500,V,2019,Y,,Y
Parker Bridwell,Bridwell,Parker,NYA,p,0.500,XXX,0,,,N
Pat Neshek,Neshek,Pat,KC,p,8.000,V,2019,,,Y
Patrick Corbin,Patrick,Corbin,BOS,p,10.121,CE,2019,,,Y
Patrick Kivlehan,Kivlehan,Patrick,SEA,if,0.500,XXX,0,,,N
Patrick Weigel,Weigel,Patrick,PIT,p,0.500,XXX,0,,,N
Paul DeJong,DeJong,Paul,HOU,if,0.650,2nd,0,,,Y
Paul Fry,Fry,Paul,NYA,p,4.000,V,2021,Y,Y,Y
Paul Goldschmidt,Goldschmidt,Paul,CIN,if,24.000,V,2021,,Y,Y
Pavin Smith,Smith,Pavin,MIN,if,0.500,XXX,0,,,N
Pedro Alvarez,Alvarez,Pedro,OAK,if,1.250,V,2019,,,Y
Pedro Baez,Baez,Pedro,LAN,p,3.000,V,2021,,Y,Y
Pedro Gonzalez,Gonzalez,Pedro,CHC,of,0.500,XXX,0,,,N
Pedro Strop,Strop,Pedro,LAN,p,4.440,V,2020,,,Y
Pete O'Brien,O'Brien,Pete,PIT,of,0.650,2nd,0,,,N
Peter Alonso,Alonso,Peter,TEX,if,0.500,XXX,0,,,N
Peter Lambert,Lambert,Peter,CHA,p,0.500,XXX,0,,,N
Phil Ervin,Phil,Ervin,ARI,of,0.500,1st,0,,,N
Phil Hughes,Hughes,Phil,NYA,p,1.000,V,2019,,,Y
Phil Maton,Maton,Phil,MIL,p,0.650,2nd,0,,,N
Phillip Bickford,Bickford,Phillip,CHC,p,0.500,XXX,0,,,N
Phillippe Aumont,Aumont,Phillippe,HOU,p,0.845,3rd,0,,,N
Pierce Johnson,Johnson,Pierce,HOU,p,0.650,2nd,0,,,N
Quentin Holmes,Holmes,Quentin,TAM,of,0.500,XXX,0,,,N
Rafael DePaula,DePaula,Rafael,PIT,p,1.203,3rd,0,,,N
Rafael Devers,Devers,Rafael,LAA,if,0.925,2nd,0,,,Y
Rafael Ortega,Ortega,Rafael,NYA,of,1.001,V,2019,,,Y
Raimel Tapia,Tapia,Raimel,KC,of,0.650,2nd,0,,,Y
Raisel Iglesias,Iglesias,Raisel,CHA,p,4.245,4th,0,,,Y
Ramon Laureano,Laureano,Ramon,MIA,of,0.500,XXX,0,,,Y
Randal Grichuk,Grichuk,Randal,NYA,of,5.621,5th,0,,,Y
Randall Delgado,Delgado,Randall,BOS,p,5.424,5th,0,,,Y
Rangel Ravelo,Ravelo,Rangel,MIL,if,1.505,V,2019,Y,,Y
Raul Alcantara,Alcantara,Raul,WAS,p,0.650,2nd,0,,,N
Ray Black,Black,Ray,TAM,p,2.500,V,2020,Y,Y,Y
Raynel Espinal,Raynel,Espinal,TAM,p,1.000,V,2019,,,Y
Reese McGuire,McGuire,Reese,NYM,c,0.500,XXX,0,,,Y
Reggie Lawson,Lawson,Reggie,TOR,p,0.500,XXX,0,,,N
Renato Nunez,Nunez,Renato,ARI,if,0.500,XXX,0,,,N
Resly Linares,Linares,Resly,CIN,p,0.500,XXX,0,,,N
Reyes Moronta,Moronta,Reyes,PHI,p,0.500,XXX,0,,,Y
Reynaldo Lopez,Lopez,Reynaldo,DET,p,0.500,XXX,0,,,N
Rhys Hoskins,Hoskins,Rhys,TOR,if,0.750,2nd,0,,,Y
Rich Hill,Hill,Rich,MIN,p,18.000,V,2020,,Y,Y
Richard Bleier,Bleier,Richard,LAA,p,1.500,V,2019,Y,,Y
Richard Rodriguez,Rodriguez,Richard,CHA,p,4.155,V,2021,,Y,Y
Richard Urena,Urena,Richard,SF,if,0.500,XXX,0,,,N
Richie Martin,Martin,Richie,TOR,if,0.500,1st,0,,,Y
Rick Porcello,Porcello,Rick,ARI,p,7.650,V,2021,Y,Y,Y
Riley Ferrell,Ferrell,Riley,BAL,p,0.500,XXX,0,,,N
Riley Pint,Pint,Riley,SF,p,0.500,XXX,0,,,N
Rio Ruiz,Ruiz,Rio,SF,if,0.500,XXX,0,,,N
Roansy Contreras,Contreras,Roansy,CIN,p,0.500,XXX,0,,,N
Rob Refsnyder,Refsnyder,Rob,WAS,if,0.845,3rd,0,,,Y
Robbie Erlin,Erlin,Robbie,TAM,p,0.500,XXX,0,,,Y
Robbie Grossman,Grossman,Robbie,NYM,of,0.650,2nd,0,,,Y
Robbie Ray,Ray,Robbie,TEX,p,1.888,4th,0,,,Y
Robert Gsellman,Gsellman,Robert,MIA,p,1.203,3rd,0,,,N
Robert Kaminsky,Kaminsky,Robert,MIL,p,0.500,XXX,0,,,N
Robert Stephenson,Stephenson,Robert,NYM,p,0.500,XXX,0,,,Y
Robert Tyler,Tyler,Robert,KC,p,0.500,XXX,0,,,N
Roberto Baldoquin,Baldoquin,Roberto,HOU,if,0.500,XXX,0,,,N
Roberto Osuna,Osuna,Roberto,SF,p,4.268,4th,0,,,Y
Robinson Cano,Cano,Robinson,NYA,if,20.570,V,2019,,,Y
Robinson Chirinos,Chirinos,Robinson,TEX,c,2.050,V,2019,,,Y
Roenis Elias,Elias,Roenis,BOS,p,0.650,2nd,0,,,Y
Rogelio Armenteros,Armenteros,Rogelio,TEX,p,0.500,XXX,0,,,N
Roman Quinn,Quinn,Roman,ATL,if,0.845,3rd,0,,,Y
Ronald Acuna,Acuna,Ronald,TAM,of,0.500,XXX,0,,,Y
Ronald Guzman,Guzman,Ronald,CHA,if,0.500,XXX,0,,,N
Ronaldo Hernandez,Hernandez,Ronaldo,COL,c,0.500,XXX,0,,,N
Roniel Raudes,Raudes,Roniel,SF,p,0.500,XXX,0,,,N
Ronnie Mauricio,Mauricio,Ronnie,WAS,if,0.500,XXX,0,,Y,N
Rosell Herrera,Herrera,Rosell,NYA,if,0.500,XXX,0,,,N
Ross Stripling,Stripling,Ross,NYA,p,0.845,3rd,0,,,Y
Rougned Odor,Odor,Rougned,LAA,if,1.888,4th,0,,,Y
Rowan Wick,Wick,Rowan,PHI,p,0.500,XXX,0,,,N
Rowdy Tellez,Tellez,Rowdy,SF,if,0.500,XXX,0,,,Y
Royce Lewis,Lewis,Royce,TOR,if,0.500,XXX,0,,,N
Ruddy Giron,Giron,Ruddy,HOU,if,0.500,XXX,0,,,N
Rusney Castillo,Castillo,Rusney,MIL,of,15.000,V,2019,,,Y
Russell Martin,Martin,Russell,CHA,c,7.055,V,2020,,Y,Y
Ryan Boldt,Boldt,Ryan,MIA,of,0.500,XXX,0,,,N
Ryan Borucki,Borucki,Ryan,PHI,p,0.500,XXX,0,,,N
Ryan Brasier,Brasier,Ryan,WAS,p,3.000,V,2022,,Y,Y
Ryan Braun,Braun,Ryan,CIN,of,19.000,V,2020,,Y,Y
Ryan Buchter,Buchter,Ryan,BAL,p,1.000,V,2019,,,Y
Ryan Castellani,Castellani,Ryan,SD,p,0.500,XXX,0,,,N
Ryan Cordell,Cordell,Ryan,ATL,of,0.845,3rd,0,,,N
Ryan Dull,Dull,Ryan,ARI,p,3.050,V,2020,Y,,Y
Ryan Eades,Eades,Ryan,CHC,p,0.500,XXX,0,,,Y
Ryan Helsley,Helsley,Ryan,CHA,p,0.500,XXX,0,,,N
Ryan Lavarnway,Lavarnway,Ryan,WAS,c,0.650,2nd,0,,,N
Ryan Madson,Madson,Ryan,TOR,p,4.000,V,2019,,,Y
Ryan McKenna,McKenna,Ryan,COL,of,0.500,XXX,0,,,N
Ryan McMahon,McMahon,Ryan,NYM,if,0.650,2nd,0,,,N
Ryan Merritt,Merritt,Ryan,PHI,p,1.500,V,2019,Y,,Y
Ryan Mountcastle,Mountcastle,Ryan,HOU,if,0.500,XXX,0,,,N
Ryan O'Hearn,O'Hearn,Ryan,SEA,if,0.500,XXX,0,,,N
Ryan Pressly,Pressly,Ryan,CHA,p,1.501,V,2019,,,Y
Ryan Rolison,Rolison,Ryan,SD,p,0.500,XXX,0,,,N
Ryan Rua,Rua,Ryan,SF,of,0.845,3rd,0,,,Y
Ryan Tepera,Tepera,Ryan,ARI,p,2.250,V,2020,Y,,Y
Ryan Vilade,Vilade,Ryan,STL,if,0.500,XXX,0,,,N
Ryan Weathers,Weathers,Ryan,STL,p,0.500,XXX,0,,,N
Ryan Yarbrough,Yarbrough,Ryan,MIL,p,1.000,V,2019,,Y,Y
Ryan Zimmerman,Zimmerman,Ryan,CLE,if,6.000,V,2020,Y,Y,Y
Rylan Bannon,Bannon,Rylan,LAA,if,0.500,XXX,0,,,N
Rymer Liriano,Liriano,Rymer,CHA,of,0.500,1st,0,,,N
Ryne Stanek,Stanek,Ryne,SEA,p,0.500,1st,0,,,Y
Ryon Healy,Healy,Ryon,SEA,if,0.500,1st,0,,,N
Salvador Perez,Perez,Salvador,SD,c,13.000,V,2022,,Y,Y
Sam Carlson,Carlson,Sam,CHC,p,0.500,XXX,0,,,N
Sam Travis,Travis,Sam,LAA,if,0.500,XXX,0,,,N
Sam Tuivailala,Sam,Tuivailala,SF,p,0.845,3rd,0,,,Y
Sammy Solis,Solis,Sammy,NYA,p,1.000,MLI,2019,,,N
Sandy Alcantara,Alcantara,Sandy,HOU,p,0.500,XXX,0,,,N
Sandy Leon,Leon,Sandy,LAN,c,2.700,V,2019,,,Y
Scooter Gennett,Gennett,Scooter,SEA,if,1.531,4th,0,,,Y
Scott Alexander,Alexander,Scott,MIA,p,6.200,V,2021,Y,,Y
Scott Blewett,Blewett,Scott,BOS,p,0.500,XXX,0,,,N
Scott Kingery,Kingery,Scott,PHI,if,0.500,XXX,0,,,N
Scott Oberg,Oberg,Scott,MIN,p,2.501,V,2019,Y,,Y
Scott Schebler,Schebler,Scott,PIT,of,0.845,3rd,0,,,Y
Sean Doolittle,Doolittle,Sean,WAS,p,7.209,CE,2019,,,Y
Sean Hjelle,Hjelle,Sean,CHC,p,0.500,XXX,0,,,N
Sean Manaea,Manaea,Sean,PHI,p,1.203,3rd,0,,,Y
Sean Murphy,Murphy,Sean,CHC,c,0.500,XXX,0,,,N
Sean Newcomb,Newcomb,Sean,MIN,p,0.500,XXX,0,,,Y
Sean Reid-Foley,Reid-Foley,Sean,COL,p,0.500,XXX,0,,,N
Sean Rodriguez,Rodriguez,Sean,SF,if,2.270,V,2019,,,Y
Seranthony Dominguez,Dominguez,Seranthony,PHI,p,0.500,XXX,0,,,Y
Sergio Alcantara,Alcantara,Sergio,NYM,if,0.500,XXX,0,,,Y
Sergio Romo,Romo,Sergio,BOS,p,2.000,V,2020,,Y,Y
Seth Beer,Beer,Seth,KC,if,0.500,XXX,0,,,N
Seth Lugo,Lugo,Seth,BOS,p,3.000,V,2020,,Y,Y
Seth Romero,Romero,Seth,CHC,p,0.500,XXX,0,,,N
Seuly Matias,Matias,Seuly,OAK,of,0.500,XXX,0,,,N
Seung-hwan Oh,Seung-hwan,Oh,STL,p,8.000,V,2020,,Y,Y
Shane Baz,Baz,Shane,SF,p,0.500,XXX,0,,,N
Shane Bieber,Bieber,Shane,TEX,p,0.500,XXX,0,,,Y
Shane Carle,Carle,Shane,TAM,p,1.000,MLI,2019,,,N
Shane McClanahan,McClanahan,Shane,SF,p,0.500,XXX,0,,,N
Shawn Armstrong,Armstrong,Shawn,CHA,p,2.555,V,2020,Y,Y,Y
Shed Long,Long,Shed,ARI,if,0.500,XXX,0,,,N
Shelby Miller,Miller,Shelby,HOU,p,5.000,V,2023,Y,,Y
Shervyen Newton,Newton,Shervyen,BAL,if,0.500,XXX,0,,Y,N
Shin-soo Choo,Choo,Shin-soo,SEA,of,9.500,V,2019,,,Y
Shohei Ohtani,Ohtani,Shohei,CIN,p,48.200,V,2025,,Y,Y
Silvino Bracho,Bracho,Silvino,LAA,p,1.887,4th,0,,,Y
Sixto Sanchez,Sanchez,Sixto,SF,p,0.500,XXX,0,,,N
Skye Bolt,Bolt,Skye,BAL,of,0.500,XXX,0,,,N
Slade Cecconi,Cecconi,Slade,CHC,p,0.500,XXX,0,,,N
Slade Heathcott,Heathcott,Slade,WAS,of,0.650,2nd,0,,,N
Socrates Brito,Brito,Socrates,SF,of,0.500,XXX,0,,,Y
Sonny Gray,Gray,Sonny,WAS,p,7.786,CE,2020,,,Y
Spencer Adams,Adams,Spencer,HOU,p,0.500,XXX,0,,,N
Spencer Howard,Howard,Spencer,MIL,p,0.500,XXX,0,,Y,N
Starlin Castro,Castro,Starlin,STL,if,5.000,V,2021,Y,Y,Y
Starling Heredia,Heredia,Starling,DET,of,0.500,XXX,0,,,N
Starling Marte,Marte,Starling,OAK,of,9.523,CE,2019,,,Y
Stefen Romero,Romero,Stefen,SD,if,0.650,2nd,0,,,N
Stephen Gonsalves,Gonsalves,Stephen,BAL,p,0.500,XXX,0,,,N
Stephen Piscotty,Piscotty,Stephen,LAN,of,3.121,5th,0,,,Y
Stephen Strasburg,Strasburg,Stephen,BAL,p,44.000,V,2022,Y,,Y
Stephen Tarpley,Tarpley,Stephen,MIL,p,1.000,V,2019,,Y,Y
Stephen Vogt,Vogt,Stephen,KC,c,1.850,V,2019,,,Y
Stetson Allie,Allie,Stetson,MIN,p,0.500,XXX,0,,,N
Steve Cishek,Cishek,Steve,CLE,p,2.816,V,2019,Y,,Y
Steve Pearce,Pearce,Steve,TAM,if,1.333,V,2019,Y,Y,Y
Steven Brault,Brault,Steven,HOU,p,0.500,XXX,0,,,Y
Steven Duggar,Duggar,Steven,KC,of,0.500,XXX,0,,,N
Steven Jennings,Jennings,Steven,BAL,p,0.500,XXX,0,,,N
Steven Matz,Matz,Steven,ATL,p,2.397,4th,0,,,Y
Steven Moya,Moya,Steven,CIN,of,0.925,2nd,0,,,N
Steven Okert,Steven,Okert,TOR,p,2.750,V,2019,Y,,Y
Steven Souza,Steven,Souza,CHA,of,3.178,4th,0,,,Y
Stolmy Pimentel,Pimentel,Stolmy,WAS,p,0.650,2nd,0,,,N
Stone Garrett,Garrett,Stone,SF,of,0.500,XXX,0,,,N
T.J. Zeuch,Zeuch,T.J.,CHA,p,0.500,XXX,0,,,N
Taijuan Walker,Walker,Taijuan,OAK,p,0.925,2nd,0,,,N
Tanner Houck,Houck,Tanner,CHC,p,0.500,XXX,0,,,N
Tanner Roark,Roark,Tanner,TEX,p,16.950,V,2020,Y,,Y
Taylor Clarke,Clarke,Taylor,PIT,p,0.500,XXX,0,,,N
Taylor Guerrieri,Guerrieri,Taylor,ATL,p,0.650,2nd,0,,,N
Taylor Hearn,Hearn,Taylor,TAM,p,0.500,XXX,0,,,N
Taylor Lindsey,Lindsey,Taylor,LAA,if,0.500,1st,0,,,N
Taylor Motter,Motter,Taylor,LAN,if,5.115,V,2019,,,Y
Taylor Rogers,Rogers,Taylor,MIA,p,1.950,V,2019,Y,,Y
Taylor Trammell,Trammell,Taylor,CIN,of,0.500,XXX,0,,,N
Taylor Ward,Ward,Taylor,ATL,c,0.650,2nd,0,,,Y
Taylor Widener,Widener,Taylor,SEA,p,0.500,XXX,0,,,N
Teoscar Hernandez,Hernandez,Teoscar,BOS,of,0.500,XXX,0,,,Y
Thairo Estrada,Estrada,Thairo,SEA,if,0.500,XXX,0,,,N
Thomas Szapucki,Thomas,Szapucki,KC,p,0.500,XXX,0,,,N
Ti'Quan Forbes,Forbes,Ti'Quan,MIA,of,0.500,XXX,0,,,N
Tim Anderson,Anderson,Tim,OAK,if,0.500,XXX,0,,,N
Tim Beckham,Beckham,Tim,LAA,if,2.405,5th,0,,,Y
Tim Cooney,Cooney,Tim,PHI,p,1.170,3rd,0,,,N
Tim Federowicz,Federowicz,Tim,MIL,c,1.000,V,2019,,Y,Y
Tim Locastro,Locastro,Tim,STL,of,1.500,V,2019,Y,,Y
Tirso Ornelas,Ornelas,Tirso,CHA,if,0.500,XXX,0,,,N
Todd Frazier,Frazier,Todd,OAK,if,17.500,V,2020,,,Y
Tom Eshelman,Tom,Eshelman,KC,p,0.650,2nd,0,,,N
Tom Murphy,Murphy,Tom,PIT,c,0.500,XXX,0,,,N
Tomas Telis,Telis,Tomas,TOR,c,0.845,3rd,0,,,Y
Tommy Hunter,Hunter,Tommy,MIA,p,2.525,V,2020,Y,,Y
Tommy Joseph,Joseph,Tommy,NYA,if,6.300,V,2020,Y,,Y
Tommy Kahnle,Kahnle,Tommy,TOR,p,6.250,V,2019,,,Y
Tommy La Stella,La Stella,Tommy,MIN,if,3.889,6th,0,,,Y
Tommy Layne,Layne,Tommy,TAM,p,1.041,V,2019,Y,Y,Y
Tommy Pham,Pham,Tommy,COL,of,4.751,V,2019,Y,,Y
Tony Barnette,Barnette,Tony,LAA,p,3.300,V,2019,,,Y
Tony Cingrani,Cingrani,Tony,KC,p,1.510,V,2019,Y,,Y
Tony Kemp,Kemp,Tony,WAS,if,2.384,5th,0,,,Y
Tony Santillan,Tony,Santillan,COL,p,0.500,XXX,0,,,N
Tony Sipp,Sipp,Tony,LAN,p,2.000,V,2020,,Y,Y
Tony Watson,Watson,Tony,COL,p,3.759,V,2021,,Y,Y
Tony Wolters,Wolters,Tony,MIA,c,0.500,1st,0,,,Y
Touki Toussaint,Toussaint,Touki,OAK,p,0.500,XXX,0,,,N
Travis Blankenhorn,Blankenhorn,Travis,PHI,if,0.500,XXX,0,,,N
Travis d'Arnaud,d'Arnaud,Travis,COL,c,3.759,6th,0,,,Y
Travis Demeritte,Demeritte,Travis,CHA,if,0.500,XXX,0,,,N
Travis Jankowski,Jankowski,Travis,MIN,of,0.650,2nd,0,,,Y
Travis Shaw,Shaw,Travis,LAN,if,16.880,V,2022,,Y,Y
Travis Swaggerty,Swaggerty,Travis,KC,of,0.500,XXX,0,,,N
Trayce Thompson,Thompson,Trayce,BAL,of,0.500,1st,0,,,N
Trea Turner,Turner,Trea,TAM,if,1.365,3rd,0,,,Y
Trent Grisham,Trent,Grisham,SF,of,0.500,XXX,0,,,N
Trevor Bauer,Bauer,Trevor,CLE,p,14.247,CE,2019,,,Y
Trevor Cahill,Cahill,Trevor,STL,p,1.000,V,2019,,,Y
Trevor Clifton,Clifton,Trevor,BOS,p,0.500,XXX,0,,,N
Trevor Gott,Gott,Trevor,STL,p,1.500,V,2019,Y,,Y
Trevor Larnach,Larnach,Trevor,NYA,of,0.500,XXX,0,,,N
Trevor May,May,Trevor,TAM,p,0.845,3rd,0,,,N
Trevor Oaks,Oaks,Trevor,LAA,p,0.925,2nd,0,,,Y
Trevor Rogers,Rogers,Trevor,NYM,p,0.500,XXX,0,,,N
Trevor Rosenthal,Rosenthal,Trevor,OAK,p,4.500,V,2021,Y,Y,Y
Trevor Story,Story,Trevor,BAL,if,1.388,3rd,0,,,Y
Trevor Williams,Williams,Trevor,CLE,p,5.000,V,2022,Y,,Y
Trey Ball,Ball,Trey,SF,p,0.500,XXX,0,,,N
Trey Mancini,Mancini,Trey,NYM,if,0.750,2nd,0,,,Y
Trey Michalczewski,Michalczewski,Trey,NYM,if,0.500,XXX,0,,,Y
Tristan Beck,Beck,Tristan,NYM,p,0.500,XXX,0,,,N
Tristen Lutz,Lutz,Tristen,BOS,of,0.500,XXX,0,,,N
Triston Casas,Casas,Triston,CHC,if,0.500,XXX,0,,,N
Triston McKenzie,McKenzie,Triston,PIT,p,0.500,XXX,0,,,N
Troy Tulowitzki,Tulowitzki,Troy,MIA,if,3.000,V,2020,Y,Y,Y
Tucker Barnhart,Barnhart,Tucker,HOU,c,4.500,V,2019,Y,,Y
Tucupita Marcana,Marcana,Tucupita,MIA,if,0.500,XXX,0,,Y,N
Ty Blach,Blach,Ty,KC,p,0.650,2nd,0,,,Y
Ty Buttrey,Buttrey,Ty,HOU,p,5.500,V,2023,Y,Y,Y
Tyler Anderson,Anderson,Tyler,BAL,p,0.650,2nd,0,,,Y
Tyler Austin,Austin,Tyler,STL,of,0.750,2nd,0,,,Y
Tyler Beede,Beede,Tyler,CLE,p,0.845,3rd,0,,,N
Tyler Danish,Danish,Tyler,SF,p,0.500,XXX,0,,,N
Tyler Flowers,Flowers,Tyler,TOR,c,0.845,3rd,0,,,Y
Tyler Glasnow,Glasnow,Tyler,OAK,p,0.650,2nd,0,,,N
Tyler Goeddel,Goeddel,Tyler,HOU,if,0.845,3rd,0,,,N
Tyler Jay,Jay,Tyler,CHC,p,0.500,XXX,0,,,Y
Tyler Kolek,Kolek,Tyler,PHI,p,0.500,XXX,0,,,N
Tyler Mahle,Mahle,Tyler,SF,p,0.500,XXX,0,,,Y
Tyler Marlette,Marlette,Tyler,NYA,c,0.650,2nd,0,,,N
Tyler Moore,Moore,Tyler,BOS,if,0.975,3rd,0,,,N
Tyler Naquin,Naquin,Tyler,MIL,of,0.845,3rd,0,,,N
Tyler Nevin,Nevin,Tyler,CLE,if,0.500,XXX,0,,,N
Tyler O'Neill,O'Neill,Tyler,STL,of,0.750,2nd,0,,,N
Tyler Olson,Olson,Tyler,TEX,p,1.760,V,2019,Y,,Y
Tyler Pike,Pike,Tyler,NYA,p,0.500,XXX,0,,,N
Tyler Saladino,Saladino,Tyler,NYM,if,1.000,V,2019,,,Y
Tyler Skaggs,Skaggs,Tyler,WAS,p,0.750,2nd,0,,,Y
Tyler Stephenson,Stephenson,Tyler,TEX,c,0.500,XXX,0,,,N
Tyler Thornburg,Thornburg,Tyler,SD,p,1.050,2nd,0,,,Y
Tyler Wade,Wade,Tyler,SF,if,0.500,XXX,0,,,N
Tyler Watson,Tyler,Watson,SF,p,0.500,XXX,0,,,N
Tyler White,White,Tyler,TEX,if,0.975,3rd,0,,,Y
Tyrell Jenkins,Jenkins,Tyrell,SD,p,0.500,XXX,0,,,N
Tyrone Taylor,Taylor,Tyrone,NYM,of,0.500,XXX,0,,,Y
Tyson Ross,Ross,Tyson,CLE,p,2.841,5th,0,,,Y
Tzu-Wei Lin,Lin,Tzu-Wei,MIN,if,0.500,XXX,0,,,Y
Victor Caratini,Caratini,Victor,NYA,c,0.500,XXX,0,,,Y
Victor Robles,Robles,Victor,CHA,of,0.500,XXX,0,,,Y
Vidal Brujan,Brujan,Vidal,TAM,if,0.500,XXX,0,,,N
Vince Velasquez,Vince,Velasquez,MIN,p,2.049,4th,0,,,Y
Vladimir Guerrero Jr.,Vladimir,Guerrero Jr.,KC,if,0.500,1st,0,,,Y
Vladimir Gutierrez,Gutierrez,Vladimir,SF,p,0.500,XXX,0,,,N
Wade Davis,Davis,Wade,SEA,p,8.000,V,2019,Y,,Y
Wade LeBlanc,LeBlanc,Wade,MIA,p,1.502,V,2019,,,Y
Wade Miley,Miley,Wade,STL,p,5.000,V,2020,,Y,Y
Walker Buehler,Buehler,Walker,DET,p,0.500,XXX,0,,,Y
Wander Franco,Franco,Wander,MIN,if,0.500,XXX,0,,Y,N
Wander Javier,Javier,Wander,TOR,if,0.500,XXX,0,,,N
Wei-Yin Chen,Chen,Wei-Yin,CHC,p,10.213,V,2019,,,Y
Welington Castillo,Castillo,Welington,LAA,c,7.500,V,2019,Y,,Y
Whit Merrifield,Merrifield,Whit,LAN,if,16.440,V,2022,,Y,Y
Wil Crowe,Crowe,Wil,LAN,p,0.500,XXX,0,,,N
Wil Myers,Myers,Wil,PIT,of,8.727,CE,2019,,,Y
Wilin Rosario,Rosario,Wilin,SEA,c,1.000,V,2019,,Y,Y
Wilkerman Garcia,Garcia,Wilkerman,BAL,if,0.500,XXX,0,,,N
Will Benson,Benson,Will,MIN,of,0.500,XXX,0,,,N
Will Craig,Craig,Will,BAL,if,0.500,XXX,0,,,N
Will Harris,Harris,Will,CIN,p,7.250,V,2020,,Y,Y
Will Smith,Smith,Will,PHI,c,0.500,XXX,0,,,N
Will Smith,Smith,Will,BAL,p,5.112,V,2021,,,Y
Willi Castro,Castro,Willi,TAM,if,0.500,XXX,0,,,N
William Contreras,Contreras,William,TOR,c,0.500,XXX,0,,,N
Willians Astudillo,Astudillo,Willians,MIA,c,2.200,V,2019,Y,,Y
Willie Calhoun,Willie,Calhoun,TOR,if,0.750,2nd,0,,,Y
Willson Contreras,Contreras,Willson,LAN,c,1.943,3rd,0,,,Y
Willy Adames,Adames,Willy,CHA,if,0.500,XXX,0,,,N
Willy Garcia,Garcia,Willy,SEA,of,0.500,XXX,0,,,N
Wilmer Difo,Difo,Wilmer,BOS,if,1.659,4th,0,,,Y
Wilmer Flores,Flores,Wilmer,CLE,if,5.425,5th,0,,,Y
Wilson Ramos,Ramos,Wilson,CLE,c,12.000,V,2021,Y,Y,Y
Wily Peralta,Peralta,Wily,MIN,p,0.500,XXX,0,,,N
Wladimir Galindo,Galindo,Wladimir,KC,if,0.500,XXX,0,,,N
Wuilmer Becerra,Becerra,Wuilmer,MIN,of,0.650,2nd,0,,,N
Xander Bogaerts,Bogaerts,Xander,CLE,if,12.977,CE,2020,,,Y
Xavier Cedeno,Cedeno,Xavier,WAS,p,5.750,V,2020,,Y,Y
Xavier Edwards,Edwards,Xavier,LAA,if,0.500,XXX,0,,,N
Yadier Alvarez,Alvarez,Yadier,ARI,p,0.500,XXX,0,,,N
Yadier Molina,Molina,Yadier,BOS,c,3.000,V,2019,,,Y
Yairo Munoz,Munoz,Yairo,SEA,if,0.500,XXX,0,,,Y
Yan Gomes,Gomes,Yan,PHI,c,3.434,6th,0,,,Y
Yandy Diaz,Diaz,Yandy,MIA,if,0.750,2nd,0,,,Y
Yangervis Solarte,Solarte,Yangervis,BOS,if,1.000,V,2019,,,Y
Yasel Antuna,Antuna,Yasel,CIN,if,0.500,XXX,0,,,N
Yasiel Puig,Puig,Yasiel,SD,of,12.596,CE,2020,,,Y
Yasmani Grandal,Grandal,Yasmani,WAS,c,5.106,CE,2019,,,Y
Yasmany Tomas,Tomas,Yasmany,BOS,of,9.250,V,2019,Y-NBO,,Y
Yeudy Garcia,Garcia,Yeudy,SF,p,0.500,XXX,0,,,N
Yeyson Yrizarri,Yrizarri,Yeyson,MIA,if,0.500,XXX,0,,,N
Yoan Moncada,Moncada,Yoan,BAL,if,0.750,2nd,0,,,Y
Yoel Mecias,Mecias,Yoel,LAA,p,0.500,XXX,0,,,N
Yoenis Cespedes,Cespedes,Yoenis,SEA,of,16.500,V,2020,Y,Y,Y
Yohander Mendez,Mendez,Yohander,MIL,p,0.500,XXX,0,,,N
Yolmer Sanchez,Sanchez,Yolmer,HOU,if,1.529,4th,0,,,Y
Yonathan Daza,Yonathan,Daza,BAL,of,1.000,V,2019,,,Y
Yonder Alonso,Alonso,Yonder,COL,if,7.905,CE,2019,,,Y
Yonny Chirinos,Chirinos,Yonny,PIT,p,0.650,2nd,0,,,Y
Yordan Alvarez,Alvarez,Yordan,KC,of,0.500,XXX,0,,,N
Yoshihisa Hirano,Hirano,Yoshihisa,STL,p,3.000,V,2020,Y,Y,Y
Yu Chang,Yu,Chang,NYM,if,0.500,XXX,0,,,Y
Yu Darvish,Darvish,Yu,TAM,p,21.050,V,2019,,,Y
Yuli Gurriel,Yuli,Gurriel,COL,if,8.751,V,2019,,,Y
Yusmeiro Petit,Petit,Yusmeiro,LAA,p,4.500,V,2019,,,Y
Yusniel Diaz,Diaz,Yusniel,DET,of,0.500,XXX,0,,,N
Zac Gallen,Gallen,Zac,HOU,p,0.500,XXX,0,,Y,N
Zac Lowther,Lowther,Zac,SEA,p,0.500,XXX,0,,,N
Zac Rosscup,Rosscup,Zac,MIL,p,1.000,V,2019,,Y,Y
Zach Davies,Davies,Zach,STL,p,0.845,3rd,0,,,N
Zach Duke,Duke,Zach,SD,p,1.902,V,2019,,,Y
Zach Eflin,Eflin,Zach,PHI,p,0.500,XXX,0,,,N
Zach Granite,Granite,Zach,CIN,of,0.650,2nd,0,,,N
Zach Jackson,Jackson,Zach,CIN,p,0.500,XXX,0,,,N
Zach McAllister,McAllister,Zach,DET,p,1.955,4th,0,,,Y
Zack Britton,Britton,Zack,COL,p,5.085,4th,0,,,Y
Zack Burdi,Burdi,Zack,NYA,p,0.500,XXX,0,,,N
Zack Collins,Collins,Zack,CHC,c,0.650,2nd,0,,,N
Zack Cozart,Cozart,Zack,STL,if,7.000,V,2020,,Y,Y
Zack Godley,Godley,Zack,KC,p,16.000,V,2021,,,Y
Zack Greinke,Greinke,Zack,SF,p,34.500,V,2022,N,Y,Y
Zack Littell,Littell,Zack,TOR,p,0.500,XXX,0,,,N
Zack Wheeler,Wheeler,Zack,ATL,p,3.889,6th,0,,,Y
Zeke White,Zeke,White,MIN,of,0.500,XXX,0,,,N
